Date,InsuranceType,Revenue,RxCount
2023-01-01,Cash,1735.75,13
2023-01-01,Commercial,6396.06,50
2023-01-01,Medicaid,6204.93,52
2023-01-01,Medicare,5821.46,55
2023-01-02,Cash,1599.57,14
2023-01-02,Commercial,5562.19,48
2023-01-02,Medicaid,4237.27,37
2023-01-02,Medicare,4724.0,39
2023-01-03,Cash,2555.49,16
2023-01-03,Commercial,5993.63,50
2023-01-03,Medicaid,7834.72,54
2023-01-03,Medicare,7344.15,56
2023-01-04,Cash,1391.57,14
2023-01-04,Commercial,8485.75,63
2023-01-04,Medicaid,6034.14,44
2023-01-04,Medicare,5510.27,50
2023-01-05,Cash,1188.62,16
2023-01-05,Commercial,8457.8,62
2023-01-05,Medicaid,6007.25,47
2023-01-05,Medicare,8691.07,62
2023-01-06,Cash,1144.37,12
2023-01-06,Commercial,7559.56,55
2023-01-06,Medicaid,6221.84,49
2023-01-06,Medicare,7052.16,49
2023-01-07,Cash,1646.49,15
2023-01-07,Commercial,6420.13,53
2023-01-07,Medicaid,4967.8,38
2023-01-07,Medicare,5353.66,38
2023-01-08,Cash,1713.52,12
2023-01-08,Commercial,8150.95,60
2023-01-08,Medicaid,5300.06,44
2023-01-08,Medicare,5647.7,47
2023-01-09,Cash,2546.66,22
2023-01-09,Commercial,7098.77,56
2023-01-09,Medicaid,3560.15,32
2023-01-09,Medicare,5046.37,42
2023-01-10,Cash,2315.89,16
2023-01-10,Commercial,7244.13,53
2023-01-10,Medicaid,4476.51,36
2023-01-10,Medicare,5324.78,38
2023-01-11,Cash,2677.11,19
2023-01-11,Commercial,7627.15,59
2023-01-11,Medicaid,6565.3,51
2023-01-11,Medicare,4642.41,40
2023-01-12,Cash,1600.13,14
2023-01-12,Commercial,5603.78,44
2023-01-12,Medicaid,5563.53,50
2023-01-12,Medicare,8179.68,59
2023-01-13,Cash,2597.04,19
2023-01-13,Commercial,7342.32,59
2023-01-13,Medicaid,5996.61,47
2023-01-13,Medicare,5872.51,46
2023-01-14,Cash,1639.44,14
2023-01-14,Commercial,5521.51,50
2023-01-14,Medicaid,5065.45,44
2023-01-14,Medicare,6093.22,44
2023-01-15,Cash,1486.85,11
2023-01-15,Commercial,5459.38,46
2023-01-15,Medicaid,4470.71,35
2023-01-15,Medicare,5169.83,46
2023-01-16,Cash,3098.45,21
2023-01-16,Commercial,7115.94,57
2023-01-16,Medicaid,5000.69,42
2023-01-16,Medicare,6992.56,59
2023-01-17,Cash,3530.81,23
2023-01-17,Commercial,6173.46,47
2023-01-17,Medicaid,6757.81,47
2023-01-17,Medicare,8005.5,63
2023-01-18,Cash,2127.36,15
2023-01-18,Commercial,9545.92,68
2023-01-18,Medicaid,8230.47,63
2023-01-18,Medicare,5132.79,44
2023-01-19,Cash,2459.52,17
2023-01-19,Commercial,7591.31,53
2023-01-19,Medicaid,3985.96,40
2023-01-19,Medicare,8542.87,59
2023-01-20,Cash,1925.92,14
2023-01-20,Commercial,7210.05,58
2023-01-20,Medicaid,6370.87,46
2023-01-20,Medicare,6922.48,50
2023-01-21,Cash,1574.04,13
2023-01-21,Commercial,5307.0,43
2023-01-21,Medicaid,3649.69,30
2023-01-21,Medicare,5428.36,47
2023-01-22,Cash,2075.62,14
2023-01-22,Commercial,7469.87,58
2023-01-22,Medicaid,6174.3,53
2023-01-22,Medicare,7194.43,54
2023-01-23,Cash,1832.38,14
2023-01-23,Commercial,6947.54,50
2023-01-23,Medicaid,4982.16,39
2023-01-23,Medicare,7585.41,61
2023-01-24,Cash,2038.14,17
2023-01-24,Commercial,6794.63,52
2023-01-24,Medicaid,5395.5,44
2023-01-24,Medicare,6974.28,48
2023-01-25,Cash,1302.9,9
2023-01-25,Commercial,8941.58,69
2023-01-25,Medicaid,4152.38,36
2023-01-25,Medicare,7384.37,52
2023-01-26,Cash,2409.48,19
2023-01-26,Commercial,9243.92,71
2023-01-26,Medicaid,5368.33,39
2023-01-26,Medicare,7382.7,67
2023-01-27,Cash,1660.44,15
2023-01-27,Commercial,7459.91,57
2023-01-27,Medicaid,6318.57,48
2023-01-27,Medicare,5137.95,46
2023-01-28,Cash,888.16,7
2023-01-28,Commercial,7742.27,55
2023-01-28,Medicaid,6365.92,48
2023-01-28,Medicare,7882.6,68
2023-01-29,Cash,1994.09,19
2023-01-29,Commercial,7677.71,63
2023-01-29,Medicaid,4592.7,38
2023-01-29,Medicare,7140.03,50
2023-01-30,Cash,1948.36,18
2023-01-30,Commercial,6746.05,56
2023-01-30,Medicaid,5637.49,44
2023-01-30,Medicare,7485.31,51
2023-01-31,Cash,1423.83,13
2023-01-31,Commercial,6220.12,55
2023-01-31,Medicaid,4952.82,43
2023-01-31,Medicare,5179.25,45
2023-02-01,Cash,2354.42,17
2023-02-01,Commercial,8257.35,65
2023-02-01,Medicaid,4448.36,33
2023-02-01,Medicare,6581.09,54
2023-02-02,Cash,1851.83,12
2023-02-02,Commercial,7358.36,57
2023-02-02,Medicaid,7217.09,53
2023-02-02,Medicare,6452.58,54
2023-02-03,Cash,1006.39,8
2023-02-03,Commercial,4805.2,37
2023-02-03,Medicaid,5401.63,45
2023-02-03,Medicare,5915.23,47
2023-02-04,Cash,1606.59,16
2023-02-04,Commercial,7638.01,63
2023-02-04,Medicaid,5760.03,50
2023-02-04,Medicare,4181.67,39
2023-02-05,Cash,811.98,8
2023-02-05,Commercial,3874.96,35
2023-02-05,Medicaid,4969.65,43
2023-02-05,Medicare,7540.06,68
2023-02-06,Cash,1456.11,12
2023-02-06,Commercial,5352.68,48
2023-02-06,Medicaid,5343.97,42
2023-02-06,Medicare,7041.71,58
2023-02-07,Cash,2522.13,18
2023-02-07,Commercial,7226.09,55
2023-02-07,Medicaid,5618.46,37
2023-02-07,Medicare,6804.53,54
2023-02-08,Cash,2980.01,24
2023-02-08,Commercial,6437.8,46
2023-02-08,Medicaid,4691.53,37
2023-02-08,Medicare,6431.98,50
2023-02-09,Cash,1484.79,12
2023-02-09,Commercial,7067.12,57
2023-02-09,Medicaid,5098.97,38
2023-02-09,Medicare,7453.03,52
2023-02-10,Cash,592.47,6
2023-02-10,Commercial,7412.89,59
2023-02-10,Medicaid,5583.11,43
2023-02-10,Medicare,6138.15,52
2023-02-11,Cash,1675.27,15
2023-02-11,Commercial,7304.19,56
2023-02-11,Medicaid,3531.8,29
2023-02-11,Medicare,6663.14,51
2023-02-12,Cash,2027.04,14
2023-02-12,Commercial,7109.68,57
2023-02-12,Medicaid,5874.69,43
2023-02-12,Medicare,5863.48,47
2023-02-13,Cash,3812.52,27
2023-02-13,Commercial,8308.54,63
2023-02-13,Medicaid,6009.27,46
2023-02-13,Medicare,6736.5,45
2023-02-14,Cash,1587.38,14
2023-02-14,Commercial,7152.8,56
2023-02-14,Medicaid,5851.04,39
2023-02-14,Medicare,6182.54,52
2023-02-15,Cash,1493.66,14
2023-02-15,Commercial,5216.05,50
2023-02-15,Medicaid,4740.49,42
2023-02-15,Medicare,7848.74,61
2023-02-16,Cash,1385.82,10
2023-02-16,Commercial,7432.73,62
2023-02-16,Medicaid,3911.0,36
2023-02-16,Medicare,6811.72,53
2023-02-17,Cash,1237.27,10
2023-02-17,Commercial,6022.88,48
2023-02-17,Medicaid,3980.23,34
2023-02-17,Medicare,4476.79,36
2023-02-18,Cash,2163.66,16
2023-02-18,Commercial,5865.18,44
2023-02-18,Medicaid,3914.02,33
2023-02-18,Medicare,6477.68,51
2023-02-19,Cash,2096.31,16
2023-02-19,Commercial,9788.62,71
2023-02-19,Medicaid,4033.71,34
2023-02-19,Medicare,6727.88,52
2023-02-20,Cash,1997.76,13
2023-02-20,Commercial,8651.91,63
2023-02-20,Medicaid,5175.12,47
2023-02-20,Medicare,7145.31,52
2023-02-21,Cash,2482.81,20
2023-02-21,Commercial,7741.93,63
2023-02-21,Medicaid,6849.73,50
2023-02-21,Medicare,7225.62,58
2023-02-22,Cash,1997.3,14
2023-02-22,Commercial,5621.39,44
2023-02-22,Medicaid,5392.66,45
2023-02-22,Medicare,5848.05,40
2023-02-23,Cash,1726.01,12
2023-02-23,Commercial,7806.58,65
2023-02-23,Medicaid,5323.21,37
2023-02-23,Medicare,5324.74,46
2023-02-24,Cash,3276.51,23
2023-02-24,Commercial,7775.32,63
2023-02-24,Medicaid,5986.04,51
2023-02-24,Medicare,5574.6,43
2023-02-25,Cash,1461.89,12
2023-02-25,Commercial,6872.62,59
2023-02-25,Medicaid,5261.47,43
2023-02-25,Medicare,5562.67,45
2023-02-26,Cash,1282.31,8
2023-02-26,Commercial,7512.77,62
2023-02-26,Medicaid,5889.53,43
2023-02-26,Medicare,6373.78,49
2023-02-27,Cash,2491.65,21
2023-02-27,Commercial,7069.07,57
2023-02-27,Medicaid,5535.46,40
2023-02-27,Medicare,6100.09,49
2023-02-28,Cash,1377.85,15
2023-02-28,Commercial,6838.1,52
2023-02-28,Medicaid,5084.24,41
2023-02-28,Medicare,7470.01,60
2023-03-01,Cash,2749.89,20
2023-03-01,Commercial,7267.85,63
2023-03-01,Medicaid,6924.01,48
2023-03-01,Medicare,6306.0,51
2023-03-02,Cash,2435.45,20
2023-03-02,Commercial,8118.58,66
2023-03-02,Medicaid,5045.08,37
2023-03-02,Medicare,7815.07,53
2023-03-03,Cash,3178.29,19
2023-03-03,Commercial,6629.98,52
2023-03-03,Medicaid,6379.11,50
2023-03-03,Medicare,5568.83,43
2023-03-04,Cash,1599.86,10
2023-03-04,Commercial,7771.17,60
2023-03-04,Medicaid,5779.77,45
2023-03-04,Medicare,6111.88,50
2023-03-05,Cash,2798.37,20
2023-03-05,Commercial,6152.41,47
2023-03-05,Medicaid,5239.22,38
2023-03-05,Medicare,6319.33,55
2023-03-06,Cash,1831.07,14
2023-03-06,Commercial,7128.47,59
2023-03-06,Medicaid,3857.08,31
2023-03-06,Medicare,6635.46,57
2023-03-07,Cash,1458.05,12
2023-03-07,Commercial,7150.26,55
2023-03-07,Medicaid,4009.67,40
2023-03-07,Medicare,5364.8,40
2023-03-08,Cash,928.6,7
2023-03-08,Commercial,7355.75,59
2023-03-08,Medicaid,3770.99,35
2023-03-08,Medicare,4941.36,41
2023-03-09,Cash,879.4,7
2023-03-09,Commercial,7724.3,54
2023-03-09,Medicaid,4824.54,39
2023-03-09,Medicare,6251.28,45
2023-03-10,Cash,1598.89,13
2023-03-10,Commercial,6734.72,50
2023-03-10,Medicaid,5113.42,35
2023-03-10,Medicare,6045.25,46
2023-03-11,Cash,2330.5,20
2023-03-11,Commercial,8046.86,61
2023-03-11,Medicaid,4604.77,38
2023-03-11,Medicare,5329.14,42
2023-03-12,Cash,2512.17,23
2023-03-12,Commercial,8354.54,64
2023-03-12,Medicaid,5373.95,44
2023-03-12,Medicare,7202.99,52
2023-03-13,Cash,2726.87,16
2023-03-13,Commercial,8062.1,57
2023-03-13,Medicaid,6212.13,49
2023-03-13,Medicare,5441.39,46
2023-03-14,Cash,1598.66,14
2023-03-14,Commercial,5718.06,43
2023-03-14,Medicaid,4518.69,36
2023-03-14,Medicare,6159.45,45
2023-03-15,Cash,958.17,10
2023-03-15,Commercial,6818.62,56
2023-03-15,Medicaid,5121.4,44
2023-03-15,Medicare,5160.57,42
2023-03-16,Cash,1734.45,11
2023-03-16,Commercial,9246.78,70
2023-03-16,Medicaid,6788.35,55
2023-03-16,Medicare,7795.48,57
2023-03-17,Cash,1939.94,19
2023-03-17,Commercial,8309.76,57
2023-03-17,Medicaid,6049.32,42
2023-03-17,Medicare,7190.8,57
2023-03-18,Cash,1789.98,13
2023-03-18,Commercial,7622.87,61
2023-03-18,Medicaid,6353.32,52
2023-03-18,Medicare,5138.45,41
2023-03-19,Cash,1764.36,16
2023-03-19,Commercial,7072.37,60
2023-03-19,Medicaid,5095.81,42
2023-03-19,Medicare,6189.15,47
2023-03-20,Cash,1796.1,16
2023-03-20,Commercial,6160.39,50
2023-03-20,Medicaid,5121.14,48
2023-03-20,Medicare,5876.8,49
2023-03-21,Cash,2063.53,16
2023-03-21,Commercial,7530.33,60
2023-03-21,Medicaid,4396.82,38
2023-03-21,Medicare,8206.87,58
2023-03-22,Cash,2150.89,17
2023-03-22,Commercial,6260.54,54
2023-03-22,Medicaid,5075.7,36
2023-03-22,Medicare,6489.12,51
2023-03-23,Cash,2179.67,22
2023-03-23,Commercial,7674.11,59
2023-03-23,Medicaid,5670.42,43
2023-03-23,Medicare,7087.4,65
2023-03-24,Cash,2037.47,17
2023-03-24,Commercial,8967.1,71
2023-03-24,Medicaid,5190.58,39
2023-03-24,Medicare,6340.14,52
2023-03-25,Cash,2354.53,14
2023-03-25,Commercial,7785.83,60
2023-03-25,Medicaid,6242.77,41
2023-03-25,Medicare,6079.02,44
2023-03-26,Cash,2128.7,16
2023-03-26,Commercial,6305.17,53
2023-03-26,Medicaid,4482.23,34
2023-03-26,Medicare,6040.75,46
2023-03-27,Cash,1471.84,13
2023-03-27,Commercial,6607.38,54
2023-03-27,Medicaid,6054.64,46
2023-03-27,Medicare,6162.67,51
2023-03-28,Cash,1895.25,19
2023-03-28,Commercial,7552.14,61
2023-03-28,Medicaid,5761.17,46
2023-03-28,Medicare,6901.05,58
2023-03-29,Cash,2113.25,18
2023-03-29,Commercial,7293.44,61
2023-03-29,Medicaid,4584.85,35
2023-03-29,Medicare,5818.48,42
2023-03-30,Cash,1940.83,15
2023-03-30,Commercial,6336.72,52
2023-03-30,Medicaid,4489.42,30
2023-03-30,Medicare,5399.58,44
2023-03-31,Cash,1345.45,13
2023-03-31,Commercial,7466.03,59
2023-03-31,Medicaid,5103.74,37
2023-03-31,Medicare,6313.6,47
2023-04-01,Cash,2317.7,22
2023-04-01,Commercial,7625.9,54
2023-04-01,Medicaid,5921.17,46
2023-04-01,Medicare,5927.64,52
2023-04-02,Cash,2151.48,14
2023-04-02,Commercial,7054.66,56
2023-04-02,Medicaid,4623.54,42
2023-04-02,Medicare,4759.47,40
2023-04-03,Cash,2241.57,16
2023-04-03,Commercial,8835.26,72
2023-04-03,Medicaid,8287.92,60
2023-04-03,Medicare,7738.86,58
2023-04-04,Cash,2796.82,21
2023-04-04,Commercial,9325.76,67
2023-04-04,Medicaid,7675.27,55
2023-04-04,Medicare,6387.29,53
2023-04-05,Cash,1823.91,15
2023-04-05,Commercial,6801.27,54
2023-04-05,Medicaid,6475.76,48
2023-04-05,Medicare,6757.88,47
2023-04-06,Cash,1401.62,13
2023-04-06,Commercial,8543.13,64
2023-04-06,Medicaid,4246.25,36
2023-04-06,Medicare,5275.56,42
2023-04-07,Cash,1974.34,13
2023-04-07,Commercial,5601.94,46
2023-04-07,Medicaid,6199.52,40
2023-04-07,Medicare,5430.97,40
2023-04-08,Cash,2510.08,18
2023-04-08,Commercial,7757.98,57
2023-04-08,Medicaid,5124.04,39
2023-04-08,Medicare,6240.89,48
2023-04-09,Cash,2531.65,16
2023-04-09,Commercial,7006.65,58
2023-04-09,Medicaid,6527.34,57
2023-04-09,Medicare,3991.59,35
2023-04-10,Cash,1890.58,16
2023-04-10,Commercial,6708.78,55
2023-04-10,Medicaid,4824.9,40
2023-04-10,Medicare,5380.4,46
2023-04-11,Cash,738.14,7
2023-04-11,Commercial,8147.59,60
2023-04-11,Medicaid,8201.47,60
2023-04-11,Medicare,5436.26,43
2023-04-12,Cash,2222.14,18
2023-04-12,Commercial,7566.5,59
2023-04-12,Medicaid,5018.06,39
2023-04-12,Medicare,6682.87,50
2023-04-13,Cash,2480.81,17
2023-04-13,Commercial,7110.23,54
2023-04-13,Medicaid,5126.28,44
2023-04-13,Medicare,5193.18,43
2023-04-14,Cash,1679.89,14
2023-04-14,Commercial,6735.76,50
2023-04-14,Medicaid,5601.53,42
2023-04-14,Medicare,7899.29,59
2023-04-15,Cash,1842.3,12
2023-04-15,Commercial,7376.95,60
2023-04-15,Medicaid,4771.66,34
2023-04-15,Medicare,6263.64,48
2023-04-16,Cash,1527.98,15
2023-04-16,Commercial,4786.86,39
2023-04-16,Medicaid,3495.58,32
2023-04-16,Medicare,6950.53,48
2023-04-17,Cash,1686.37,14
2023-04-17,Commercial,9698.01,77
2023-04-17,Medicaid,5391.49,42
2023-04-17,Medicare,5424.64,45
2023-04-18,Cash,1855.2,14
2023-04-18,Commercial,8735.74,61
2023-04-18,Medicaid,5295.06,47
2023-04-18,Medicare,5779.7,44
2023-04-19,Cash,2064.2,18
2023-04-19,Commercial,6550.81,52
2023-04-19,Medicaid,5403.14,41
2023-04-19,Medicare,5291.46,46
2023-04-20,Cash,2164.93,17
2023-04-20,Commercial,5917.75,44
2023-04-20,Medicaid,4111.15,38
2023-04-20,Medicare,7244.56,58
2023-04-21,Cash,2066.08,17
2023-04-21,Commercial,5539.56,52
2023-04-21,Medicaid,4373.52,37
2023-04-21,Medicare,4163.04,41
2023-04-22,Cash,1706.04,12
2023-04-22,Commercial,7942.86,57
2023-04-22,Medicaid,5823.3,48
2023-04-22,Medicare,5191.86,48
2023-04-23,Cash,1880.83,15
2023-04-23,Commercial,9680.21,76
2023-04-23,Medicaid,4063.35,29
2023-04-23,Medicare,5969.9,48
2023-04-24,Cash,2061.0,14
2023-04-24,Commercial,5834.85,41
2023-04-24,Medicaid,6694.15,51
2023-04-24,Medicare,7718.47,61
2023-04-25,Cash,1966.74,13
2023-04-25,Commercial,6403.96,56
2023-04-25,Medicaid,7059.04,54
2023-04-25,Medicare,6143.96,43
2023-04-26,Cash,2436.07,16
2023-04-26,Commercial,8862.88,70
2023-04-26,Medicaid,4711.23,40
2023-04-26,Medicare,5233.91,42
2023-04-27,Cash,1193.62,10
2023-04-27,Commercial,6907.21,51
2023-04-27,Medicaid,6161.05,43
2023-04-27,Medicare,6733.69,46
2023-04-28,Cash,2031.75,16
2023-04-28,Commercial,8001.18,63
2023-04-28,Medicaid,4038.83,34
2023-04-28,Medicare,6263.41,49
2023-04-29,Cash,1203.34,13
2023-04-29,Commercial,8573.22,68
2023-04-29,Medicaid,4679.55,39
2023-04-29,Medicare,7234.81,58
2023-04-30,Cash,1354.07,12
2023-04-30,Commercial,6506.03,56
2023-04-30,Medicaid,5771.59,50
2023-04-30,Medicare,7338.94,55
2023-05-01,Cash,2718.48,19
2023-05-01,Commercial,6078.82,53
2023-05-01,Medicaid,4447.14,38
2023-05-01,Medicare,6171.9,45
2023-05-02,Cash,1839.04,17
2023-05-02,Commercial,8048.71,69
2023-05-02,Medicaid,5897.72,52
2023-05-02,Medicare,5539.83,48
2023-05-03,Cash,896.2,7
2023-05-03,Commercial,6991.54,58
2023-05-03,Medicaid,4670.84,41
2023-05-03,Medicare,5897.79,44
2023-05-04,Cash,1377.86,9
2023-05-04,Commercial,7398.29,62
2023-05-04,Medicaid,4573.13,38
2023-05-04,Medicare,6836.81,48
2023-05-05,Cash,1827.07,13
2023-05-05,Commercial,7030.49,58
2023-05-05,Medicaid,5153.53,46
2023-05-05,Medicare,8018.32,60
2023-05-06,Cash,2486.96,21
2023-05-06,Commercial,7846.16,59
2023-05-06,Medicaid,5202.12,37
2023-05-06,Medicare,6803.37,53
2023-05-07,Cash,3130.84,24
2023-05-07,Commercial,8104.64,66
2023-05-07,Medicaid,6181.19,46
2023-05-07,Medicare,5933.39,51
2023-05-08,Cash,1224.53,14
2023-05-08,Commercial,7761.92,58
2023-05-08,Medicaid,6405.42,46
2023-05-08,Medicare,5990.05,47
2023-05-09,Cash,2002.55,13
2023-05-09,Commercial,7232.57,59
2023-05-09,Medicaid,3967.7,43
2023-05-09,Medicare,4512.67,37
2023-05-10,Cash,1079.08,10
2023-05-10,Commercial,7522.8,55
2023-05-10,Medicaid,4304.26,33
2023-05-10,Medicare,7125.79,50
2023-05-11,Cash,1278.21,11
2023-05-11,Commercial,8198.39,59
2023-05-11,Medicaid,6290.21,51
2023-05-11,Medicare,5720.84,47
2023-05-12,Cash,943.94,9
2023-05-12,Commercial,7030.36,59
2023-05-12,Medicaid,4902.61,48
2023-05-12,Medicare,5513.09,51
2023-05-13,Cash,2073.71,16
2023-05-13,Commercial,6600.38,53
2023-05-13,Medicaid,7591.77,55
2023-05-13,Medicare,6571.48,52
2023-05-14,Cash,2058.61,16
2023-05-14,Commercial,8230.97,65
2023-05-14,Medicaid,5786.15,51
2023-05-14,Medicare,4294.66,35
2023-05-15,Cash,2763.41,18
2023-05-15,Commercial,7221.17,56
2023-05-15,Medicaid,5269.79,46
2023-05-15,Medicare,6749.38,58
2023-05-16,Cash,1390.96,12
2023-05-16,Commercial,6055.44,45
2023-05-16,Medicaid,5349.61,46
2023-05-16,Medicare,8126.15,61
2023-05-17,Cash,1594.4,13
2023-05-17,Commercial,9593.04,74
2023-05-17,Medicaid,3827.98,27
2023-05-17,Medicare,5357.9,41
2023-05-18,Cash,2810.28,20
2023-05-18,Commercial,7618.89,54
2023-05-18,Medicaid,5994.39,43
2023-05-18,Medicare,6919.84,55
2023-05-19,Cash,2308.35,17
2023-05-19,Commercial,7504.34,59
2023-05-19,Medicaid,5286.25,45
2023-05-19,Medicare,5939.38,50
2023-05-20,Cash,739.17,7
2023-05-20,Commercial,5037.36,40
2023-05-20,Medicaid,4913.28,35
2023-05-20,Medicare,5940.83,47
2023-05-21,Cash,2511.03,18
2023-05-21,Commercial,6431.26,50
2023-05-21,Medicaid,6193.43,45
2023-05-21,Medicare,7083.49,58
2023-05-22,Cash,2091.52,18
2023-05-22,Commercial,6188.9,50
2023-05-22,Medicaid,3631.47,29
2023-05-22,Medicare,5491.72,42
2023-05-23,Cash,2578.53,18
2023-05-23,Commercial,7876.6,64
2023-05-23,Medicaid,5371.89,42
2023-05-23,Medicare,7617.96,56
2023-05-24,Cash,2073.44,17
2023-05-24,Commercial,4969.75,43
2023-05-24,Medicaid,5582.09,47
2023-05-24,Medicare,5232.28,47
2023-05-25,Cash,2410.25,16
2023-05-25,Commercial,6087.59,48
2023-05-25,Medicaid,5737.41,41
2023-05-25,Medicare,6738.54,49
2023-05-26,Cash,1549.37,10
2023-05-26,Commercial,6794.21,58
2023-05-26,Medicaid,3795.14,30
2023-05-26,Medicare,6420.01,52
2023-05-27,Cash,2612.07,18
2023-05-27,Commercial,9611.44,71
2023-05-27,Medicaid,7905.89,54
2023-05-27,Medicare,7007.69,54
2023-05-28,Cash,1799.65,19
2023-05-28,Commercial,7422.38,53
2023-05-28,Medicaid,6271.23,47
2023-05-28,Medicare,6779.87,50
2023-05-29,Cash,2131.74,15
2023-05-29,Commercial,5687.89,45
2023-05-29,Medicaid,4055.63,28
2023-05-29,Medicare,4510.1,39
2023-05-30,Cash,1671.84,15
2023-05-30,Commercial,6183.99,55
2023-05-30,Medicaid,3711.02,36
2023-05-30,Medicare,6858.25,55
2023-05-31,Cash,1611.69,15
2023-05-31,Commercial,8051.69,60
2023-05-31,Medicaid,5495.47,43
2023-05-31,Medicare,6077.26,48
2023-06-01,Cash,1179.77,12
2023-06-01,Commercial,8399.62,63
2023-06-01,Medicaid,6260.87,47
2023-06-01,Medicare,5257.21,44
2023-06-02,Cash,957.24,9
2023-06-02,Commercial,7186.91,53
2023-06-02,Medicaid,6480.78,53
2023-06-02,Medicare,6568.2,55
2023-06-03,Cash,1668.61,14
2023-06-03,Commercial,5872.99,45
2023-06-03,Medicaid,6982.9,60
2023-06-03,Medicare,6131.33,45
2023-06-04,Cash,1164.7,11
2023-06-04,Commercial,7171.06,56
2023-06-04,Medicaid,5013.17,42
2023-06-04,Medicare,6165.81,48
2023-06-05,Cash,1339.03,12
2023-06-05,Commercial,7532.47,51
2023-06-05,Medicaid,5158.92,43
2023-06-05,Medicare,5641.15,43
2023-06-06,Cash,1515.72,13
2023-06-06,Commercial,6508.5,51
2023-06-06,Medicaid,5386.38,45
2023-06-06,Medicare,5712.96,42
2023-06-07,Cash,2311.65,18
2023-06-07,Commercial,6237.27,58
2023-06-07,Medicaid,4491.61,37
2023-06-07,Medicare,6058.47,56
2023-06-08,Cash,2047.08,16
2023-06-08,Commercial,6178.33,51
2023-06-08,Medicaid,4988.43,41
2023-06-08,Medicare,7025.65,54
2023-06-09,Cash,1948.66,15
2023-06-09,Commercial,7148.49,55
2023-06-09,Medicaid,7352.39,54
2023-06-09,Medicare,6258.33,50
2023-06-10,Cash,3281.63,24
2023-06-10,Commercial,6899.34,55
2023-06-10,Medicaid,4369.14,39
2023-06-10,Medicare,7889.04,60
2023-06-11,Cash,1907.88,18
2023-06-11,Commercial,6758.49,53
2023-06-11,Medicaid,7086.81,54
2023-06-11,Medicare,6830.11,53
2023-06-12,Cash,2753.67,19
2023-06-12,Commercial,7979.92,65
2023-06-12,Medicaid,5690.37,51
2023-06-12,Medicare,6108.18,50
2023-06-13,Cash,1784.45,14
2023-06-13,Commercial,9493.09,66
2023-06-13,Medicaid,4676.34,44
2023-06-13,Medicare,6629.5,51
2023-06-14,Cash,2006.21,16
2023-06-14,Commercial,7355.98,57
2023-06-14,Medicaid,5905.36,50
2023-06-14,Medicare,5742.33,40
2023-06-15,Cash,2104.73,14
2023-06-15,Commercial,7966.26,65
2023-06-15,Medicaid,4453.73,34
2023-06-15,Medicare,6211.79,49
2023-06-16,Cash,1353.23,9
2023-06-16,Commercial,6843.76,55
2023-06-16,Medicaid,4778.41,41
2023-06-16,Medicare,6496.53,47
2023-06-17,Cash,1659.84,11
2023-06-17,Commercial,6695.83,56
2023-06-17,Medicaid,3246.54,33
2023-06-17,Medicare,5298.58,40
2023-06-18,Cash,3388.9,25
2023-06-18,Commercial,6128.41,56
2023-06-18,Medicaid,5591.55,45
2023-06-18,Medicare,5319.48,45
2023-06-19,Cash,1987.96,15
2023-06-19,Commercial,4817.41,44
2023-06-19,Medicaid,4909.04,44
2023-06-19,Medicare,7815.59,55
2023-06-20,Cash,1614.41,13
2023-06-20,Commercial,5510.59,49
2023-06-20,Medicaid,5664.99,44
2023-06-20,Medicare,5728.88,45
2023-06-21,Cash,998.65,11
2023-06-21,Commercial,6110.99,56
2023-06-21,Medicaid,5976.84,47
2023-06-21,Medicare,6965.54,55
2023-06-22,Cash,1405.94,10
2023-06-22,Commercial,6627.08,54
2023-06-22,Medicaid,6949.42,52
2023-06-22,Medicare,6361.39,48
2023-06-23,Cash,2298.72,19
2023-06-23,Commercial,7626.28,64
2023-06-23,Medicaid,3568.9,33
2023-06-23,Medicare,7497.56,54
2023-06-24,Cash,2504.52,16
2023-06-24,Commercial,7115.71,60
2023-06-24,Medicaid,4176.9,34
2023-06-24,Medicare,7228.54,50
2023-06-25,Cash,2488.94,19
2023-06-25,Commercial,7316.9,57
2023-06-25,Medicaid,6768.03,57
2023-06-25,Medicare,6002.9,49
2023-06-26,Cash,2437.81,17
2023-06-26,Commercial,6506.59,53
2023-06-26,Medicaid,5756.05,41
2023-06-26,Medicare,7596.44,60
2023-06-27,Cash,1834.2,14
2023-06-27,Commercial,6836.44,57
2023-06-27,Medicaid,5992.16,48
2023-06-27,Medicare,5219.19,48
2023-06-28,Cash,1824.75,15
2023-06-28,Commercial,6717.89,52
2023-06-28,Medicaid,5181.76,41
2023-06-28,Medicare,5788.97,44
2023-06-29,Cash,1308.89,8
2023-06-29,Commercial,7067.71,60
2023-06-29,Medicaid,5659.65,41
2023-06-29,Medicare,7466.12,58
2023-06-30,Cash,1623.25,13
2023-06-30,Commercial,7138.58,63
2023-06-30,Medicaid,5937.36,50
2023-06-30,Medicare,6583.53,53
2023-07-01,Cash,1738.64,15
2023-07-01,Commercial,7128.76,49
2023-07-01,Medicaid,5303.7,42
2023-07-01,Medicare,5908.47,45
2023-07-02,Cash,2523.93,20
2023-07-02,Commercial,7210.88,57
2023-07-02,Medicaid,3903.04,41
2023-07-02,Medicare,8872.62,63
2023-07-03,Cash,1608.17,16
2023-07-03,Commercial,7072.95,57
2023-07-03,Medicaid,4420.88,34
2023-07-03,Medicare,5263.16,45
2023-07-04,Cash,693.18,9
2023-07-04,Commercial,7756.5,63
2023-07-04,Medicaid,5545.05,39
2023-07-04,Medicare,6493.17,48
2023-07-05,Cash,3042.48,23
2023-07-05,Commercial,6692.54,58
2023-07-05,Medicaid,5361.86,43
2023-07-05,Medicare,6234.72,54
2023-07-06,Cash,2755.89,22
2023-07-06,Commercial,8085.18,59
2023-07-06,Medicaid,4759.39,40
2023-07-06,Medicare,6175.15,46
2023-07-07,Cash,2095.83,16
2023-07-07,Commercial,7722.08,59
2023-07-07,Medicaid,5341.06,38
2023-07-07,Medicare,5249.04,51
2023-07-08,Cash,861.71,10
2023-07-08,Commercial,6459.87,52
2023-07-08,Medicaid,4430.1,43
2023-07-08,Medicare,6409.02,55
2023-07-09,Cash,2079.09,17
2023-07-09,Commercial,6699.94,55
2023-07-09,Medicaid,5430.89,48
2023-07-09,Medicare,6142.85,46
2023-07-10,Cash,2218.81,19
2023-07-10,Commercial,8187.63,68
2023-07-10,Medicaid,5444.77,40
2023-07-10,Medicare,6436.21,51
2023-07-11,Cash,730.65,8
2023-07-11,Commercial,7992.48,62
2023-07-11,Medicaid,5330.22,44
2023-07-11,Medicare,7311.7,49
2023-07-12,Cash,2223.85,16
2023-07-12,Commercial,6722.15,52
2023-07-12,Medicaid,5509.98,40
2023-07-12,Medicare,6577.41,48
2023-07-13,Cash,2673.92,21
2023-07-13,Commercial,8881.28,67
2023-07-13,Medicaid,5031.87,49
2023-07-13,Medicare,6312.68,49
2023-07-14,Cash,1397.51,13
2023-07-14,Commercial,9456.34,77
2023-07-14,Medicaid,4908.59,34
2023-07-14,Medicare,6725.8,55
2023-07-15,Cash,1132.94,12
2023-07-15,Commercial,8471.23,68
2023-07-15,Medicaid,5529.41,46
2023-07-15,Medicare,7444.09,64
2023-07-16,Cash,1833.94,15
2023-07-16,Commercial,6946.14,54
2023-07-16,Medicaid,5342.96,43
2023-07-16,Medicare,7119.44,51
2023-07-17,Cash,2586.38,21
2023-07-17,Commercial,7730.04,59
2023-07-17,Medicaid,6517.5,47
2023-07-17,Medicare,5814.74,46
2023-07-18,Cash,1222.5,12
2023-07-18,Commercial,7452.69,64
2023-07-18,Medicaid,3500.5,30
2023-07-18,Medicare,7157.79,59
2023-07-19,Cash,2256.38,17
2023-07-19,Commercial,6321.93,47
2023-07-19,Medicaid,5339.13,46
2023-07-19,Medicare,5609.04,43
2023-07-20,Cash,2815.01,19
2023-07-20,Commercial,7706.99,61
2023-07-20,Medicaid,5210.23,44
2023-07-20,Medicare,7261.1,57
2023-07-21,Cash,1533.5,12
2023-07-21,Commercial,8864.29,71
2023-07-21,Medicaid,5233.96,36
2023-07-21,Medicare,6982.97,51
2023-07-22,Cash,995.18,12
2023-07-22,Commercial,9243.96,68
2023-07-22,Medicaid,4632.19,40
2023-07-22,Medicare,6812.08,53
2023-07-23,Cash,822.37,6
2023-07-23,Commercial,5981.87,45
2023-07-23,Medicaid,4977.51,39
2023-07-23,Medicare,6443.76,48
2023-07-24,Cash,1504.96,11
2023-07-24,Commercial,6835.9,55
2023-07-24,Medicaid,4681.93,37
2023-07-24,Medicare,4955.3,38
2023-07-25,Cash,2458.85,19
2023-07-25,Commercial,7806.61,57
2023-07-25,Medicaid,6300.42,46
2023-07-25,Medicare,5111.39,45
2023-07-26,Cash,510.83,7
2023-07-26,Commercial,7245.47,69
2023-07-26,Medicaid,3808.9,30
2023-07-26,Medicare,6218.24,48
2023-07-27,Cash,1579.56,14
2023-07-27,Commercial,7174.5,60
2023-07-27,Medicaid,6434.6,52
2023-07-27,Medicare,5650.08,46
2023-07-28,Cash,2477.65,17
2023-07-28,Commercial,6988.42,58
2023-07-28,Medicaid,4644.18,36
2023-07-28,Medicare,4865.72,38
2023-07-29,Cash,1957.08,17
2023-07-29,Commercial,8031.55,59
2023-07-29,Medicaid,5622.84,45
2023-07-29,Medicare,6325.85,53
2023-07-30,Cash,1111.07,11
2023-07-30,Commercial,7648.01,73
2023-07-30,Medicaid,3956.56,36
2023-07-30,Medicare,6615.31,47
2023-07-31,Cash,2270.01,14
2023-07-31,Commercial,6873.91,55
2023-07-31,Medicaid,6644.53,48
2023-07-31,Medicare,5043.99,43
2023-08-01,Cash,1129.64,14
2023-08-01,Commercial,7501.41,59
2023-08-01,Medicaid,5236.12,46
2023-08-01,Medicare,3787.46,35
2023-08-02,Cash,2030.89,14
2023-08-02,Commercial,7472.97,61
2023-08-02,Medicaid,5461.01,50
2023-08-02,Medicare,5801.52,47
2023-08-03,Cash,1916.61,16
2023-08-03,Commercial,7182.36,59
2023-08-03,Medicaid,5233.1,45
2023-08-03,Medicare,5205.0,48
2023-08-04,Cash,2609.07,18
2023-08-04,Commercial,6810.16,55
2023-08-04,Medicaid,6020.26,50
2023-08-04,Medicare,5308.52,47
2023-08-05,Cash,2127.86,16
2023-08-05,Commercial,7879.71,57
2023-08-05,Medicaid,4994.33,39
2023-08-05,Medicare,9198.53,61
2023-08-06,Cash,1481.47,13
2023-08-06,Commercial,5707.62,50
2023-08-06,Medicaid,6247.68,51
2023-08-06,Medicare,6060.4,43
2023-08-07,Cash,3339.9,20
2023-08-07,Commercial,8066.48,71
2023-08-07,Medicaid,5208.83,38
2023-08-07,Medicare,5028.52,47
2023-08-08,Cash,2001.29,16
2023-08-08,Commercial,7606.73,60
2023-08-08,Medicaid,5852.46,44
2023-08-08,Medicare,6669.1,51
2023-08-09,Cash,2519.87,17
2023-08-09,Commercial,6996.35,52
2023-08-09,Medicaid,6526.58,51
2023-08-09,Medicare,7044.82,54
2023-08-10,Cash,1184.15,9
2023-08-10,Commercial,5506.0,57
2023-08-10,Medicaid,4165.14,35
2023-08-10,Medicare,7526.92,66
2023-08-11,Cash,2000.61,17
2023-08-11,Commercial,7841.17,60
2023-08-11,Medicaid,6395.47,45
2023-08-11,Medicare,5869.91,49
2023-08-12,Cash,1391.48,11
2023-08-12,Commercial,7842.99,59
2023-08-12,Medicaid,3983.04,34
2023-08-12,Medicare,6230.73,49
2023-08-13,Cash,951.65,7
2023-08-13,Commercial,7976.48,62
2023-08-13,Medicaid,5045.55,38
2023-08-13,Medicare,6502.98,49
2023-08-14,Cash,1546.37,11
2023-08-14,Commercial,6067.03,51
2023-08-14,Medicaid,6267.51,52
2023-08-14,Medicare,5976.45,46
2023-08-15,Cash,2704.87,20
2023-08-15,Commercial,6649.14,56
2023-08-15,Medicaid,5147.06,37
2023-08-15,Medicare,6220.07,51
2023-08-16,Cash,2588.44,19
2023-08-16,Commercial,7316.51,53
2023-08-16,Medicaid,6257.94,46
2023-08-16,Medicare,4969.92,49
2023-08-17,Cash,2504.79,19
2023-08-17,Commercial,7116.03,54
2023-08-17,Medicaid,4644.31,36
2023-08-17,Medicare,6664.7,50
2023-08-18,Cash,2267.19,18
2023-08-18,Commercial,6741.89,61
2023-08-18,Medicaid,5257.54,39
2023-08-18,Medicare,6855.78,57
2023-08-19,Cash,3083.75,22
2023-08-19,Commercial,5653.46,45
2023-08-19,Medicaid,3878.19,34
2023-08-19,Medicare,5077.42,39
2023-08-20,Cash,2318.46,19
2023-08-20,Commercial,7440.37,53
2023-08-20,Medicaid,5871.76,46
2023-08-20,Medicare,5816.3,45
2023-08-21,Cash,2698.66,21
2023-08-21,Commercial,5862.57,45
2023-08-21,Medicaid,4401.63,36
2023-08-21,Medicare,6962.03,56
2023-08-22,Cash,2486.46,18
2023-08-22,Commercial,6648.7,48
2023-08-22,Medicaid,5198.45,43
2023-08-22,Medicare,8370.17,63
2023-08-23,Cash,2000.34,15
2023-08-23,Commercial,6404.32,54
2023-08-23,Medicaid,4051.85,32
2023-08-23,Medicare,7229.73,54
2023-08-24,Cash,2845.4,21
2023-08-24,Commercial,7152.7,57
2023-08-24,Medicaid,5079.48,45
2023-08-24,Medicare,5886.64,46
2023-08-25,Cash,1998.04,16
2023-08-25,Commercial,6128.13,53
2023-08-25,Medicaid,3808.21,35
2023-08-25,Medicare,7119.5,51
2023-08-26,Cash,1501.72,15
2023-08-26,Commercial,8163.49,62
2023-08-26,Medicaid,4544.54,46
2023-08-26,Medicare,5830.65,40
2023-08-27,Cash,1274.31,10
2023-08-27,Commercial,6228.75,50
2023-08-27,Medicaid,5397.13,43
2023-08-27,Medicare,7595.58,55
2023-08-28,Cash,2598.79,20
2023-08-28,Commercial,7769.9,55
2023-08-28,Medicaid,5102.65,42
2023-08-28,Medicare,7543.66,59
2023-08-29,Cash,2258.09,16
2023-08-29,Commercial,6244.89,57
2023-08-29,Medicaid,4723.24,35
2023-08-29,Medicare,6148.58,47
2023-08-30,Cash,1824.1,14
2023-08-30,Commercial,7656.79,57
2023-08-30,Medicaid,7404.47,52
2023-08-30,Medicare,5639.08,50
2023-08-31,Cash,1154.42,11
2023-08-31,Commercial,8678.35,64
2023-08-31,Medicaid,5966.88,48
2023-08-31,Medicare,4987.48,37
2023-09-01,Cash,2099.77,14
2023-09-01,Commercial,5098.31,40
2023-09-01,Medicaid,5361.36,44
2023-09-01,Medicare,7616.83,58
2023-09-02,Cash,1846.35,13
2023-09-02,Commercial,8220.15,67
2023-09-02,Medicaid,4874.26,43
2023-09-02,Medicare,6336.59,49
2023-09-03,Cash,1375.99,13
2023-09-03,Commercial,7766.1,60
2023-09-03,Medicaid,5607.94,49
2023-09-03,Medicare,5154.33,46
2023-09-04,Cash,1875.45,14
2023-09-04,Commercial,8133.8,62
2023-09-04,Medicaid,4640.17,38
2023-09-04,Medicare,4760.88,44
2023-09-05,Cash,1862.32,13
2023-09-05,Commercial,7956.04,61
2023-09-05,Medicaid,6013.01,46
2023-09-05,Medicare,3963.07,34
2023-09-06,Cash,1375.83,12
2023-09-06,Commercial,7245.29,61
2023-09-06,Medicaid,5175.49,38
2023-09-06,Medicare,6182.82,52
2023-09-07,Cash,1819.61,14
2023-09-07,Commercial,6966.57,59
2023-09-07,Medicaid,5902.91,52
2023-09-07,Medicare,6110.28,44
2023-09-08,Cash,1917.04,16
2023-09-08,Commercial,7892.86,62
2023-09-08,Medicaid,7524.09,55
2023-09-08,Medicare,7976.3,53
2023-09-09,Cash,1655.05,13
2023-09-09,Commercial,7186.57,59
2023-09-09,Medicaid,4194.83,33
2023-09-09,Medicare,6004.88,53
2023-09-10,Cash,878.33,13
2023-09-10,Commercial,7750.81,64
2023-09-10,Medicaid,4940.39,40
2023-09-10,Medicare,5904.39,40
2023-09-11,Cash,1079.04,10
2023-09-11,Commercial,7360.78,56
2023-09-11,Medicaid,3399.28,32
2023-09-11,Medicare,5084.05,47
2023-09-12,Cash,2544.97,21
2023-09-12,Commercial,7832.46,62
2023-09-12,Medicaid,5221.49,40
2023-09-12,Medicare,7466.92,60
2023-09-13,Cash,1515.15,16
2023-09-13,Commercial,10040.03,80
2023-09-13,Medicaid,7243.79,64
2023-09-13,Medicare,7157.44,58
2023-09-14,Cash,1906.44,15
2023-09-14,Commercial,8093.08,61
2023-09-14,Medicaid,5270.66,47
2023-09-14,Medicare,5401.29,49
2023-09-15,Cash,1118.85,11
2023-09-15,Commercial,6192.81,53
2023-09-15,Medicaid,5033.43,49
2023-09-15,Medicare,7221.75,58
2023-09-16,Cash,1651.02,16
2023-09-16,Commercial,6780.55,58
2023-09-16,Medicaid,8380.71,57
2023-09-16,Medicare,6377.67,46
2023-09-17,Cash,1926.48,19
2023-09-17,Commercial,5931.36,47
2023-09-17,Medicaid,5294.09,46
2023-09-17,Medicare,6371.93,55
2023-09-18,Cash,2099.69,17
2023-09-18,Commercial,8535.11,69
2023-09-18,Medicaid,5140.66,42
2023-09-18,Medicare,5237.72,46
2023-09-19,Cash,1933.51,14
2023-09-19,Commercial,8576.16,62
2023-09-19,Medicaid,3644.15,28
2023-09-19,Medicare,6057.8,47
2023-09-20,Cash,2446.33,18
2023-09-20,Commercial,7706.5,58
2023-09-20,Medicaid,4884.58,39
2023-09-20,Medicare,5648.14,46
2023-09-21,Cash,1832.06,15
2023-09-21,Commercial,7060.58,61
2023-09-21,Medicaid,6078.27,49
2023-09-21,Medicare,6932.72,52
2023-09-22,Cash,1884.98,17
2023-09-22,Commercial,10203.3,71
2023-09-22,Medicaid,4423.82,37
2023-09-22,Medicare,6191.36,46
2023-09-23,Cash,1518.7,14
2023-09-23,Commercial,7285.1,57
2023-09-23,Medicaid,5133.6,37
2023-09-23,Medicare,5751.57,49
2023-09-24,Cash,2359.25,17
2023-09-24,Commercial,7378.33,56
2023-09-24,Medicaid,5064.21,39
2023-09-24,Medicare,6186.44,53
2023-09-25,Cash,1129.99,8
2023-09-25,Commercial,9006.41,68
2023-09-25,Medicaid,4240.66,35
2023-09-25,Medicare,6807.27,47
2023-09-26,Cash,1947.49,15
2023-09-26,Commercial,7918.99,64
2023-09-26,Medicaid,6186.94,45
2023-09-26,Medicare,5678.27,42
2023-09-27,Cash,2260.34,17
2023-09-27,Commercial,7430.67,56
2023-09-27,Medicaid,5601.41,39
2023-09-27,Medicare,5607.84,44
2023-09-28,Cash,3352.99,26
2023-09-28,Commercial,4900.21,46
2023-09-28,Medicaid,4278.61,44
2023-09-28,Medicare,4380.24,37
2023-09-29,Cash,1333.39,16
2023-09-29,Commercial,5880.74,51
2023-09-29,Medicaid,4298.33,33
2023-09-29,Medicare,7234.91,55
2023-09-30,Cash,1494.35,13
2023-09-30,Commercial,4750.89,43
2023-09-30,Medicaid,4851.61,33
2023-09-30,Medicare,6351.18,50
2023-10-01,Cash,1761.43,12
2023-10-01,Commercial,7175.75,57
2023-10-01,Medicaid,3951.89,31
2023-10-01,Medicare,6456.91,52
2023-10-02,Cash,2579.06,19
2023-10-02,Commercial,6326.58,50
2023-10-02,Medicaid,4504.12,37
2023-10-02,Medicare,4321.32,34
2023-10-03,Cash,2560.12,19
2023-10-03,Commercial,9029.73,70
2023-10-03,Medicaid,6473.53,54
2023-10-03,Medicare,7761.4,58
2023-10-04,Cash,1062.1,9
2023-10-04,Commercial,6649.36,53
2023-10-04,Medicaid,5437.16,39
2023-10-04,Medicare,5535.76,47
2023-10-05,Cash,1119.36,14
2023-10-05,Commercial,6724.62,52
2023-10-05,Medicaid,4170.35,35
2023-10-05,Medicare,5144.76,55
2023-10-06,Cash,2426.71,18
2023-10-06,Commercial,5238.07,45
2023-10-06,Medicaid,4487.13,37
2023-10-06,Medicare,5585.74,45
2023-10-07,Cash,1559.84,14
2023-10-07,Commercial,8523.6,64
2023-10-07,Medicaid,6363.71,43
2023-10-07,Medicare,6275.95,49
2023-10-08,Cash,1266.07,9
2023-10-08,Commercial,6253.7,50
2023-10-08,Medicaid,4895.43,39
2023-10-08,Medicare,6777.68,53
2023-10-09,Cash,2707.12,22
2023-10-09,Commercial,7935.12,52
2023-10-09,Medicaid,5875.7,42
2023-10-09,Medicare,5967.44,48
2023-10-10,Cash,1545.91,10
2023-10-10,Commercial,5971.53,47
2023-10-10,Medicaid,5940.03,40
2023-10-10,Medicare,5840.99,46
2023-10-11,Cash,3171.16,20
2023-10-11,Commercial,5707.54,47
2023-10-11,Medicaid,3906.92,35
2023-10-11,Medicare,6387.31,50
2023-10-12,Cash,2590.56,17
2023-10-12,Commercial,8223.16,66
2023-10-12,Medicaid,2769.31,30
2023-10-12,Medicare,4852.0,42
2023-10-13,Cash,2063.5,15
2023-10-13,Commercial,8316.29,63
2023-10-13,Medicaid,6218.23,40
2023-10-13,Medicare,6573.03,50
2023-10-14,Cash,2169.04,18
2023-10-14,Commercial,7154.25,60
2023-10-14,Medicaid,3979.55,32
2023-10-14,Medicare,5846.48,51
2023-10-15,Cash,1313.8,12
2023-10-15,Commercial,8175.78,67
2023-10-15,Medicaid,4938.81,42
2023-10-15,Medicare,7165.45,54
2023-10-16,Cash,1577.93,12
2023-10-16,Commercial,7513.12,60
2023-10-16,Medicaid,5428.55,50
2023-10-16,Medicare,5615.08,44
2023-10-17,Cash,2271.32,17
2023-10-17,Commercial,6272.01,49
2023-10-17,Medicaid,4641.13,36
2023-10-17,Medicare,5863.07,49
2023-10-18,Cash,1797.24,16
2023-10-18,Commercial,9318.07,63
2023-10-18,Medicaid,6647.86,50
2023-10-18,Medicare,6384.67,52
2023-10-19,Cash,1068.48,7
2023-10-19,Commercial,6883.74,56
2023-10-19,Medicaid,6164.28,48
2023-10-19,Medicare,5821.98,47
2023-10-20,Cash,2150.45,17
2023-10-20,Commercial,7735.23,63
2023-10-20,Medicaid,7321.96,60
2023-10-20,Medicare,4596.89,39
2023-10-21,Cash,2307.83,17
2023-10-21,Commercial,7451.79,65
2023-10-21,Medicaid,4938.58,38
2023-10-21,Medicare,6372.54,59
2023-10-22,Cash,1982.47,14
2023-10-22,Commercial,8105.11,64
2023-10-22,Medicaid,6551.2,49
2023-10-22,Medicare,8269.16,58
2023-10-23,Cash,1969.38,14
2023-10-23,Commercial,6594.82,54
2023-10-23,Medicaid,5861.77,43
2023-10-23,Medicare,5687.77,47
2023-10-24,Cash,1594.81,12
2023-10-24,Commercial,7499.06,57
2023-10-24,Medicaid,7385.08,53
2023-10-24,Medicare,5981.95,50
2023-10-25,Cash,1989.93,13
2023-10-25,Commercial,8020.5,64
2023-10-25,Medicaid,5726.25,44
2023-10-25,Medicare,7010.77,55
2023-10-26,Cash,2188.34,19
2023-10-26,Commercial,7667.76,63
2023-10-26,Medicaid,4770.79,40
2023-10-26,Medicare,6361.75,51
2023-10-27,Cash,960.82,11
2023-10-27,Commercial,9049.89,66
2023-10-27,Medicaid,4708.08,36
2023-10-27,Medicare,6114.89,55
2023-10-28,Cash,2893.39,20
2023-10-28,Commercial,7382.82,67
2023-10-28,Medicaid,4371.27,35
2023-10-28,Medicare,6995.47,50
2023-10-29,Cash,2025.62,15
2023-10-29,Commercial,6847.74,65
2023-10-29,Medicaid,5488.24,43
2023-10-29,Medicare,5362.37,44
2023-10-30,Cash,1601.71,13
2023-10-30,Commercial,8418.76,61
2023-10-30,Medicaid,5472.16,42
2023-10-30,Medicare,6605.5,54
2023-10-31,Cash,2764.69,20
2023-10-31,Commercial,7328.34,50
2023-10-31,Medicaid,5692.29,45
2023-10-31,Medicare,6078.12,46
2023-11-01,Cash,2318.34,15
2023-11-01,Commercial,7690.97,60
2023-11-01,Medicaid,6297.61,49
2023-11-01,Medicare,6463.02,59
2023-11-02,Cash,1945.35,16
2023-11-02,Commercial,6705.92,60
2023-11-02,Medicaid,6082.13,48
2023-11-02,Medicare,5752.46,44
2023-11-03,Cash,1277.64,11
2023-11-03,Commercial,8510.77,66
2023-11-03,Medicaid,6594.38,55
2023-11-03,Medicare,7023.19,53
2023-11-04,Cash,1529.19,14
2023-11-04,Commercial,7178.28,59
2023-11-04,Medicaid,5552.59,40
2023-11-04,Medicare,6673.18,58
2023-11-05,Cash,2119.66,17
2023-11-05,Commercial,7312.4,57
2023-11-05,Medicaid,4870.33,43
2023-11-05,Medicare,4793.12,44
2023-11-06,Cash,2035.59,13
2023-11-06,Commercial,8358.51,68
2023-11-06,Medicaid,4573.45,36
2023-11-06,Medicare,6301.5,52
2023-11-07,Cash,1488.19,12
2023-11-07,Commercial,6064.52,49
2023-11-07,Medicaid,4293.24,32
2023-11-07,Medicare,7530.69,56
2023-11-08,Cash,1754.53,15
2023-11-08,Commercial,6598.93,48
2023-11-08,Medicaid,5164.7,43
2023-11-08,Medicare,8259.76,64
2023-11-09,Cash,1909.77,16
2023-11-09,Commercial,7963.49,57
2023-11-09,Medicaid,6310.48,43
2023-11-09,Medicare,5751.38,50
2023-11-10,Cash,1960.68,18
2023-11-10,Commercial,8240.79,60
2023-11-10,Medicaid,5928.37,50
2023-11-10,Medicare,7887.42,56
2023-11-11,Cash,2213.98,17
2023-11-11,Commercial,6518.25,54
2023-11-11,Medicaid,5741.94,47
2023-11-11,Medicare,6259.96,45
2023-11-12,Cash,2317.05,20
2023-11-12,Commercial,7170.72,60
2023-11-12,Medicaid,4692.51,42
2023-11-12,Medicare,5317.09,48
2023-11-13,Cash,2141.56,16
2023-11-13,Commercial,6290.03,46
2023-11-13,Medicaid,5019.55,44
2023-11-13,Medicare,5844.13,51
2023-11-14,Cash,747.29,9
2023-11-14,Commercial,8216.22,55
2023-11-14,Medicaid,5907.73,44
2023-11-14,Medicare,5595.3,46
2023-11-15,Cash,1205.36,10
2023-11-15,Commercial,7180.66,53
2023-11-15,Medicaid,4333.7,36
2023-11-15,Medicare,6603.07,56
2023-11-16,Cash,2612.05,18
2023-11-16,Commercial,7053.29,54
2023-11-16,Medicaid,7448.25,57
2023-11-16,Medicare,4896.73,44
2023-11-17,Cash,1562.91,13
2023-11-17,Commercial,8418.78,63
2023-11-17,Medicaid,5100.28,41
2023-11-17,Medicare,4623.92,42
2023-11-18,Cash,558.5,6
2023-11-18,Commercial,6809.95,57
2023-11-18,Medicaid,4036.16,33
2023-11-18,Medicare,7016.78,54
2023-11-19,Cash,2093.74,16
2023-11-19,Commercial,7731.83,59
2023-11-19,Medicaid,5262.52,43
2023-11-19,Medicare,6025.66,49
2023-11-20,Cash,1372.7,13
2023-11-20,Commercial,7831.65,57
2023-11-20,Medicaid,6200.18,51
2023-11-20,Medicare,6408.75,45
2023-11-21,Cash,981.01,10
2023-11-21,Commercial,5556.27,52
2023-11-21,Medicaid,5488.9,46
2023-11-21,Medicare,4690.35,39
2023-11-22,Cash,1495.23,11
2023-11-22,Commercial,7431.71,56
2023-11-22,Medicaid,4861.34,40
2023-11-22,Medicare,4704.1,39
2023-11-23,Cash,2908.31,22
2023-11-23,Commercial,9493.66,72
2023-11-23,Medicaid,4239.46,32
2023-11-23,Medicare,6452.65,52
2023-11-24,Cash,1350.99,14
2023-11-24,Commercial,8057.61,72
2023-11-24,Medicaid,5105.14,42
2023-11-24,Medicare,4880.49,35
2023-11-25,Cash,1913.62,12
2023-11-25,Commercial,7020.88,55
2023-11-25,Medicaid,5335.1,41
2023-11-25,Medicare,4862.17,43
2023-11-26,Cash,1679.01,11
2023-11-26,Commercial,8416.99,67
2023-11-26,Medicaid,5070.77,44
2023-11-26,Medicare,6049.3,51
2023-11-27,Cash,1484.6,14
2023-11-27,Commercial,7183.19,62
2023-11-27,Medicaid,6043.19,45
2023-11-27,Medicare,4553.55,43
2023-11-28,Cash,2396.73,18
2023-11-28,Commercial,6591.05,51
2023-11-28,Medicaid,5202.88,44
2023-11-28,Medicare,5822.8,45
2023-11-29,Cash,2182.43,16
2023-11-29,Commercial,8358.82,66
2023-11-29,Medicaid,5062.16,40
2023-11-29,Medicare,5323.7,42
2023-11-30,Cash,1746.06,12
2023-11-30,Commercial,7684.94,56
2023-11-30,Medicaid,5758.49,46
2023-11-30,Medicare,6583.91,49
2023-12-01,Cash,1776.13,13
2023-12-01,Commercial,5987.57,49
2023-12-01,Medicaid,4434.65,37
2023-12-01,Medicare,7693.25,56
2023-12-02,Cash,1288.76,11
2023-12-02,Commercial,6864.55,55
2023-12-02,Medicaid,5880.22,43
2023-12-02,Medicare,5129.7,42
2023-12-03,Cash,1066.39,8
2023-12-03,Commercial,6182.26,53
2023-12-03,Medicaid,5984.94,50
2023-12-03,Medicare,4660.17,36
2023-12-04,Cash,1732.09,12
2023-12-04,Commercial,7166.29,59
2023-12-04,Medicaid,5351.01,39
2023-12-04,Medicare,7512.08,55
2023-12-05,Cash,1235.62,12
2023-12-05,Commercial,7131.2,57
2023-12-05,Medicaid,6705.97,45
2023-12-05,Medicare,6621.24,55
2023-12-06,Cash,1751.08,13
2023-12-06,Commercial,5643.23,48
2023-12-06,Medicaid,5888.38,41
2023-12-06,Medicare,7784.98,59
2023-12-07,Cash,771.98,9
2023-12-07,Commercial,5867.25,42
2023-12-07,Medicaid,5337.02,38
2023-12-07,Medicare,6829.59,53
2023-12-08,Cash,2383.42,17
2023-12-08,Commercial,6447.28,45
2023-12-08,Medicaid,4150.83,39
2023-12-08,Medicare,4120.83,35
2023-12-09,Cash,1152.01,11
2023-12-09,Commercial,7354.33,60
2023-12-09,Medicaid,5051.71,43
2023-12-09,Medicare,6348.75,46
2023-12-10,Cash,2410.55,16
2023-12-10,Commercial,6503.81,53
2023-12-10,Medicaid,4529.85,35
2023-12-10,Medicare,8090.33,65
2023-12-11,Cash,3040.4,24
2023-12-11,Commercial,5931.49,50
2023-12-11,Medicaid,4221.67,34
2023-12-11,Medicare,4911.84,42
2023-12-12,Cash,2043.45,16
2023-12-12,Commercial,7492.68,58
2023-12-12,Medicaid,6600.49,51
2023-12-12,Medicare,6477.99,53
2023-12-13,Cash,1377.77,13
2023-12-13,Commercial,6666.34,58
2023-12-13,Medicaid,4853.03,33
2023-12-13,Medicare,5923.59,48
2023-12-14,Cash,1674.57,13
2023-12-14,Commercial,8982.64,69
2023-12-14,Medicaid,5635.91,42
2023-12-14,Medicare,7364.42,57
2023-12-15,Cash,1095.49,11
2023-12-15,Commercial,7793.58,65
2023-12-15,Medicaid,5955.26,47
2023-12-15,Medicare,4725.86,37
2023-12-16,Cash,1913.99,13
2023-12-16,Commercial,7066.32,62
2023-12-16,Medicaid,6612.23,51
2023-12-16,Medicare,6485.02,48
2023-12-17,Cash,2218.57,19
2023-12-17,Commercial,7331.08,57
2023-12-17,Medicaid,5766.47,45
2023-12-17,Medicare,5260.71,43
2023-12-18,Cash,1485.29,11
2023-12-18,Commercial,7050.31,57
2023-12-18,Medicaid,5431.67,41
2023-12-18,Medicare,6612.08,52
2023-12-19,Cash,1842.59,16
2023-12-19,Commercial,5824.18,52
2023-12-19,Medicaid,5376.15,46
2023-12-19,Medicare,7773.37,64
2023-12-20,Cash,1915.51,11
2023-12-20,Commercial,5016.01,42
2023-12-20,Medicaid,5927.89,45
2023-12-20,Medicare,7544.74,53
2023-12-21,Cash,1033.24,8
2023-12-21,Commercial,5605.39,44
2023-12-21,Medicaid,6000.89,45
2023-12-21,Medicare,4237.94,33
2023-12-22,Cash,1797.54,14
2023-12-22,Commercial,7742.96,61
2023-12-22,Medicaid,5014.35,41
2023-12-22,Medicare,5931.76,51
2023-12-23,Cash,827.87,7
2023-12-23,Commercial,6278.33,52
2023-12-23,Medicaid,5815.24,47
2023-12-23,Medicare,4590.88,40
2023-12-24,Cash,2080.41,16
2023-12-24,Commercial,7911.4,62
2023-12-24,Medicaid,6378.39,47
2023-12-24,Medicare,5402.19,41
2023-12-25,Cash,1428.33,11
2023-12-25,Commercial,5936.66,51
2023-12-25,Medicaid,4776.82,42
2023-12-25,Medicare,6354.92,53
2023-12-26,Cash,1942.5,16
2023-12-26,Commercial,6522.92,52
2023-12-26,Medicaid,5763.51,41
2023-12-26,Medicare,8077.83,65
2023-12-27,Cash,1833.18,14
2023-12-27,Commercial,4691.8,42
2023-12-27,Medicaid,5617.15,43
2023-12-27,Medicare,4999.13,49
2023-12-28,Cash,1051.37,10
2023-12-28,Commercial,7254.96,60
2023-12-28,Medicaid,3548.22,36
2023-12-28,Medicare,5403.84,42
2023-12-29,Cash,2715.37,23
2023-12-29,Commercial,6640.57,56
2023-12-29,Medicaid,6240.76,44
2023-12-29,Medicare,4980.37,42
2023-12-30,Cash,1950.56,18
2023-12-30,Commercial,5708.32,46
2023-12-30,Medicaid,6820.59,47
2023-12-30,Medicare,7640.45,69
2023-12-31,Cash,2267.74,15
2023-12-31,Commercial,5322.25,44
2023-12-31,Medicaid,5647.26,41
2023-12-31,Medicare,5262.16,36
2024-01-01,Cash,1806.9,12
2024-01-01,Commercial,7083.57,59
2024-01-01,Medicaid,5370.31,38
2024-01-01,Medicare,6972.0,58
2024-01-02,Cash,2110.86,21
2024-01-02,Commercial,8126.93,62
2024-01-02,Medicaid,4244.69,39
2024-01-02,Medicare,4973.42,42
2024-01-03,Cash,2771.98,18
2024-01-03,Commercial,8761.43,68
2024-01-03,Medicaid,5191.29,39
2024-01-03,Medicare,7556.53,56
2024-01-04,Cash,1053.03,9
2024-01-04,Commercial,7178.99,54
2024-01-04,Medicaid,5302.22,44
2024-01-04,Medicare,6337.23,55
2024-01-05,Cash,1427.37,14
2024-01-05,Commercial,6307.64,50
2024-01-05,Medicaid,4735.44,41
2024-01-05,Medicare,6400.73,51
2024-01-06,Cash,2511.19,21
2024-01-06,Commercial,6516.13,53
2024-01-06,Medicaid,5085.73,38
2024-01-06,Medicare,7092.81,55
2024-01-07,Cash,1548.82,16
2024-01-07,Commercial,7268.92,62
2024-01-07,Medicaid,5715.31,41
2024-01-07,Medicare,5939.14,45
2024-01-08,Cash,1883.6,15
2024-01-08,Commercial,9504.61,75
2024-01-08,Medicaid,6107.52,45
2024-01-08,Medicare,7753.0,53
2024-01-09,Cash,2049.79,21
2024-01-09,Commercial,6103.5,56
2024-01-09,Medicaid,6367.23,54
2024-01-09,Medicare,4737.38,40
2024-01-10,Cash,2050.25,12
2024-01-10,Commercial,6650.65,49
2024-01-10,Medicaid,5654.74,44
2024-01-10,Medicare,6928.25,53
2024-01-11,Cash,3965.68,25
2024-01-11,Commercial,5906.5,46
2024-01-11,Medicaid,3886.3,34
2024-01-11,Medicare,5955.21,46
2024-01-12,Cash,1530.6,11
2024-01-12,Commercial,7483.06,54
2024-01-12,Medicaid,5286.59,43
2024-01-12,Medicare,5928.97,49
2024-01-13,Cash,1110.43,10
2024-01-13,Commercial,8227.39,62
2024-01-13,Medicaid,5567.19,47
2024-01-13,Medicare,5689.31,46
2024-01-14,Cash,2597.71,19
2024-01-14,Commercial,6310.28,53
2024-01-14,Medicaid,4816.14,37
2024-01-14,Medicare,7056.07,54
2024-01-15,Cash,2234.72,16
2024-01-15,Commercial,6662.93,56
2024-01-15,Medicaid,6333.1,47
2024-01-15,Medicare,7203.91,55
2024-01-16,Cash,2401.62,14
2024-01-16,Commercial,8806.84,64
2024-01-16,Medicaid,6606.24,51
2024-01-16,Medicare,6570.74,51
2024-01-17,Cash,2592.08,19
2024-01-17,Commercial,5280.05,51
2024-01-17,Medicaid,4017.3,33
2024-01-17,Medicare,8472.8,69
2024-01-18,Cash,1944.55,14
2024-01-18,Commercial,7461.74,61
2024-01-18,Medicaid,3992.75,40
2024-01-18,Medicare,7293.87,52
2024-01-19,Cash,2000.96,20
2024-01-19,Commercial,8023.18,57
2024-01-19,Medicaid,5389.85,42
2024-01-19,Medicare,8283.99,63
2024-01-20,Cash,1863.36,17
2024-01-20,Commercial,7984.03,60
2024-01-20,Medicaid,4960.14,41
2024-01-20,Medicare,3372.09,36
2024-01-21,Cash,1984.96,14
2024-01-21,Commercial,8814.03,65
2024-01-21,Medicaid,6545.34,51
2024-01-21,Medicare,5261.93,46
2024-01-22,Cash,1989.42,15
2024-01-22,Commercial,7110.37,58
2024-01-22,Medicaid,6155.0,53
2024-01-22,Medicare,6109.96,51
2024-01-23,Cash,1476.83,12
2024-01-23,Commercial,6547.78,46
2024-01-23,Medicaid,5941.99,49
2024-01-23,Medicare,7635.56,58
2024-01-24,Cash,2183.61,15
2024-01-24,Commercial,6822.3,52
2024-01-24,Medicaid,3481.08,30
2024-01-24,Medicare,6540.29,54
2024-01-25,Cash,1854.96,18
2024-01-25,Commercial,8998.61,69
2024-01-25,Medicaid,6706.08,52
2024-01-25,Medicare,6026.3,51
2024-01-26,Cash,1755.72,17
2024-01-26,Commercial,7089.98,57
2024-01-26,Medicaid,4753.11,34
2024-01-26,Medicare,5697.39,45
2024-01-27,Cash,1004.09,9
2024-01-27,Commercial,6846.54,60
2024-01-27,Medicaid,5009.79,46
2024-01-27,Medicare,3534.14,34
2024-01-28,Cash,1592.89,13
2024-01-28,Commercial,6479.87,51
2024-01-28,Medicaid,7014.79,51
2024-01-28,Medicare,7835.22,63
2024-01-29,Cash,1768.63,11
2024-01-29,Commercial,8785.98,64
2024-01-29,Medicaid,5705.43,40
2024-01-29,Medicare,6253.3,49
2024-01-30,Cash,1343.86,12
2024-01-30,Commercial,6058.21,50
2024-01-30,Medicaid,4884.55,39
2024-01-30,Medicare,6656.28,55
2024-01-31,Cash,2314.01,16
2024-01-31,Commercial,8203.0,68
2024-01-31,Medicaid,4999.47,35
2024-01-31,Medicare,5679.89,42
2024-02-01,Cash,1995.76,16
2024-02-01,Commercial,7476.12,64
2024-02-01,Medicaid,5290.29,39
2024-02-01,Medicare,5677.19,39
2024-02-02,Cash,1273.46,14
2024-02-02,Commercial,6624.3,56
2024-02-02,Medicaid,4447.93,37
2024-02-02,Medicare,6255.05,52
2024-02-03,Cash,2216.64,19
2024-02-03,Commercial,7225.86,60
2024-02-03,Medicaid,6001.49,45
2024-02-03,Medicare,5047.91,50
2024-02-04,Cash,3359.25,24
2024-02-04,Commercial,7642.57,56
2024-02-04,Medicaid,4809.03,40
2024-02-04,Medicare,6313.39,52
2024-02-05,Cash,1648.64,12
2024-02-05,Commercial,7408.34,57
2024-02-05,Medicaid,6100.58,42
2024-02-05,Medicare,6076.15,53
2024-02-06,Cash,1237.04,12
2024-02-06,Commercial,6742.87,52
2024-02-06,Medicaid,5196.14,42
2024-02-06,Medicare,5794.47,43
2024-02-07,Cash,1080.64,14
2024-02-07,Commercial,5903.45,49
2024-02-07,Medicaid,5475.82,50
2024-02-07,Medicare,6204.07,46
2024-02-08,Cash,1683.89,14
2024-02-08,Commercial,7209.83,60
2024-02-08,Medicaid,3243.19,31
2024-02-08,Medicare,8302.5,61
2024-02-09,Cash,1637.77,16
2024-02-09,Commercial,6419.68,55
2024-02-09,Medicaid,4748.14,39
2024-02-09,Medicare,3922.74,34
2024-02-10,Cash,1013.15,9
2024-02-10,Commercial,8158.7,55
2024-02-10,Medicaid,5736.58,42
2024-02-10,Medicare,6361.72,53
2024-02-11,Cash,3991.12,24
2024-02-11,Commercial,6317.43,53
2024-02-11,Medicaid,5112.56,38
2024-02-11,Medicare,7947.41,49
2024-02-12,Cash,2228.51,16
2024-02-12,Commercial,7668.48,64
2024-02-12,Medicaid,5397.75,45
2024-02-12,Medicare,5435.55,47
2024-02-13,Cash,1755.96,13
2024-02-13,Commercial,7110.96,56
2024-02-13,Medicaid,4858.1,38
2024-02-13,Medicare,5313.41,50
2024-02-14,Cash,2360.53,17
2024-02-14,Commercial,8107.59,59
2024-02-14,Medicaid,3535.69,29
2024-02-14,Medicare,4689.64,39
2024-02-15,Cash,2876.77,25
2024-02-15,Commercial,4296.73,41
2024-02-15,Medicaid,6976.43,44
2024-02-15,Medicare,5165.86,43
2024-02-16,Cash,988.17,13
2024-02-16,Commercial,6906.17,57
2024-02-16,Medicaid,4063.35,36
2024-02-16,Medicare,6472.08,53
2024-02-17,Cash,1855.73,12
2024-02-17,Commercial,7299.38,58
2024-02-17,Medicaid,4370.2,36
2024-02-17,Medicare,5974.1,42
2024-02-18,Cash,2510.32,19
2024-02-18,Commercial,8099.66,59
2024-02-18,Medicaid,4906.41,36
2024-02-18,Medicare,7101.77,60
2024-02-19,Cash,2415.39,21
2024-02-19,Commercial,6120.03,51
2024-02-19,Medicaid,5519.61,48
2024-02-19,Medicare,7099.34,60
2024-02-20,Cash,1548.95,10
2024-02-20,Commercial,6955.01,60
2024-02-20,Medicaid,5634.38,46
2024-02-20,Medicare,7526.84,54
2024-02-21,Cash,2231.26,15
2024-02-21,Commercial,5064.91,45
2024-02-21,Medicaid,5681.5,42
2024-02-21,Medicare,6168.0,54
2024-02-22,Cash,1786.78,12
2024-02-22,Commercial,7447.43,53
2024-02-22,Medicaid,4222.22,35
2024-02-22,Medicare,6060.31,47
2024-02-23,Cash,659.57,7
2024-02-23,Commercial,5237.44,49
2024-02-23,Medicaid,5343.34,44
2024-02-23,Medicare,5091.99,47
2024-02-24,Cash,1384.1,11
2024-02-24,Commercial,6871.85,48
2024-02-24,Medicaid,5771.71,45
2024-02-24,Medicare,6123.45,57
2024-02-25,Cash,2261.06,20
2024-02-25,Commercial,7041.98,53
2024-02-25,Medicaid,2601.89,26
2024-02-25,Medicare,5610.17,50
2024-02-26,Cash,1567.14,15
2024-02-26,Commercial,7237.7,51
2024-02-26,Medicaid,5316.43,40
2024-02-26,Medicare,5929.64,45
2024-02-27,Cash,1941.81,15
2024-02-27,Commercial,4988.73,48
2024-02-27,Medicaid,5886.93,46
2024-02-27,Medicare,6628.66,53
2024-02-28,Cash,1403.67,15
2024-02-28,Commercial,6643.99,53
2024-02-28,Medicaid,5555.54,42
2024-02-28,Medicare,5225.28,41
2024-02-29,Cash,1250.15,12
2024-02-29,Commercial,7073.33,61
2024-02-29,Medicaid,5794.84,52
2024-02-29,Medicare,4857.44,40
2024-03-01,Cash,1832.87,14
2024-03-01,Commercial,7354.73,56
2024-03-01,Medicaid,5184.4,44
2024-03-01,Medicare,6374.35,51
2024-03-02,Cash,984.41,8
2024-03-02,Commercial,8828.49,66
2024-03-02,Medicaid,6402.81,51
2024-03-02,Medicare,4005.2,35
2024-03-03,Cash,1907.3,14
2024-03-03,Commercial,7163.28,61
2024-03-03,Medicaid,5271.72,43
2024-03-03,Medicare,4675.15,38
2024-03-04,Cash,1605.23,12
2024-03-04,Commercial,7393.86,56
2024-03-04,Medicaid,6097.73,42
2024-03-04,Medicare,6228.46,53
2024-03-05,Cash,2344.83,17
2024-03-05,Commercial,5609.39,44
2024-03-05,Medicaid,4823.66,37
2024-03-05,Medicare,4233.26,31
2024-03-06,Cash,1441.66,11
2024-03-06,Commercial,6746.97,57
2024-03-06,Medicaid,5062.03,39
2024-03-06,Medicare,7557.15,58
2024-03-07,Cash,1791.0,12
2024-03-07,Commercial,5752.07,50
2024-03-07,Medicaid,4109.75,35
2024-03-07,Medicare,5552.5,45
2024-03-08,Cash,2909.23,22
2024-03-08,Commercial,6203.28,58
2024-03-08,Medicaid,5695.71,46
2024-03-08,Medicare,7569.62,55
2024-03-09,Cash,2284.0,19
2024-03-09,Commercial,6365.41,55
2024-03-09,Medicaid,2326.88,21
2024-03-09,Medicare,4490.04,46
2024-03-10,Cash,1480.54,13
2024-03-10,Commercial,6176.87,48
2024-03-10,Medicaid,4044.29,33
2024-03-10,Medicare,6111.14,48
2024-03-11,Cash,2246.88,14
2024-03-11,Commercial,6851.53,55
2024-03-11,Medicaid,6081.4,52
2024-03-11,Medicare,4676.07,39
2024-03-12,Cash,1156.13,6
2024-03-12,Commercial,7229.2,59
2024-03-12,Medicaid,7151.82,57
2024-03-12,Medicare,4934.4,40
2024-03-13,Cash,1698.17,11
2024-03-13,Commercial,8852.69,65
2024-03-13,Medicaid,7976.69,60
2024-03-13,Medicare,6310.29,46
2024-03-14,Cash,2250.49,17
2024-03-14,Commercial,8498.67,63
2024-03-14,Medicaid,6723.29,53
2024-03-14,Medicare,5674.72,40
2024-03-15,Cash,2530.46,23
2024-03-15,Commercial,6485.7,53
2024-03-15,Medicaid,6352.38,43
2024-03-15,Medicare,5698.14,46
2024-03-16,Cash,2269.8,15
2024-03-16,Commercial,6916.84,52
2024-03-16,Medicaid,6183.39,53
2024-03-16,Medicare,5434.72,41
2024-03-17,Cash,1581.94,14
2024-03-17,Commercial,7300.02,55
2024-03-17,Medicaid,6249.49,52
2024-03-17,Medicare,6163.5,56
2024-03-18,Cash,1495.36,12
2024-03-18,Commercial,6161.22,55
2024-03-18,Medicaid,4724.23,38
2024-03-18,Medicare,4981.96,46
2024-03-19,Cash,2439.67,18
2024-03-19,Commercial,8032.1,70
2024-03-19,Medicaid,6613.11,54
2024-03-19,Medicare,7498.82,58
2024-03-20,Cash,1350.76,12
2024-03-20,Commercial,9506.22,71
2024-03-20,Medicaid,6068.91,46
2024-03-20,Medicare,6773.93,50
2024-03-21,Cash,1305.32,12
2024-03-21,Commercial,8165.61,69
2024-03-21,Medicaid,4995.05,44
2024-03-21,Medicare,6814.6,49
2024-03-22,Cash,1348.36,9
2024-03-22,Commercial,8228.24,63
2024-03-22,Medicaid,4553.0,38
2024-03-22,Medicare,6375.73,48
2024-03-23,Cash,1982.21,15
2024-03-23,Commercial,5989.9,51
2024-03-23,Medicaid,5667.93,52
2024-03-23,Medicare,5771.36,47
2024-03-24,Cash,1116.58,11
2024-03-24,Commercial,7669.0,68
2024-03-24,Medicaid,4550.25,34
2024-03-24,Medicare,7886.95,65
2024-03-25,Cash,2726.91,18
2024-03-25,Commercial,6719.26,52
2024-03-25,Medicaid,5884.85,48
2024-03-25,Medicare,7663.09,56
2024-03-26,Cash,1472.88,15
2024-03-26,Commercial,8729.87,65
2024-03-26,Medicaid,6531.61,49
2024-03-26,Medicare,5363.19,42
2024-03-27,Cash,2038.09,15
2024-03-27,Commercial,5825.67,50
2024-03-27,Medicaid,6716.84,54
2024-03-27,Medicare,6758.2,49
2024-03-28,Cash,1013.11,8
2024-03-28,Commercial,6068.05,50
2024-03-28,Medicaid,4807.38,40
2024-03-28,Medicare,6896.44,54
2024-03-29,Cash,3081.73,21
2024-03-29,Commercial,8422.88,68
2024-03-29,Medicaid,6115.17,42
2024-03-29,Medicare,6710.78,50
2024-03-30,Cash,2510.37,19
2024-03-30,Commercial,7351.76,57
2024-03-30,Medicaid,6587.08,51
2024-03-30,Medicare,5442.5,39
2024-03-31,Cash,1636.1,12
2024-03-31,Commercial,8199.44,64
2024-03-31,Medicaid,4948.78,40
2024-03-31,Medicare,7464.38,57
2024-04-01,Cash,2027.88,14
2024-04-01,Commercial,7142.39,51
2024-04-01,Medicaid,4617.16,39
2024-04-01,Medicare,4743.95,40
2024-04-02,Cash,1084.55,9
2024-04-02,Commercial,8215.73,63
2024-04-02,Medicaid,4999.92,37
2024-04-02,Medicare,6632.19,53
2024-04-03,Cash,2286.13,16
2024-04-03,Commercial,6716.25,62
2024-04-03,Medicaid,6785.79,49
2024-04-03,Medicare,4237.12,39
2024-04-04,Cash,1729.76,11
2024-04-04,Commercial,7068.86,59
2024-04-04,Medicaid,6285.45,47
2024-04-04,Medicare,5901.97,46
2024-04-05,Cash,863.74,10
2024-04-05,Commercial,5928.02,48
2024-04-05,Medicaid,6319.26,45
2024-04-05,Medicare,5686.79,47
2024-04-06,Cash,1505.53,11
2024-04-06,Commercial,6627.67,48
2024-04-06,Medicaid,4241.57,37
2024-04-06,Medicare,5472.22,40
2024-04-07,Cash,1837.92,16
2024-04-07,Commercial,8893.66,63
2024-04-07,Medicaid,5319.68,44
2024-04-07,Medicare,7340.67,56
2024-04-08,Cash,1688.46,14
2024-04-08,Commercial,7354.48,57
2024-04-08,Medicaid,7118.35,51
2024-04-08,Medicare,6206.42,47
2024-04-09,Cash,2732.28,17
2024-04-09,Commercial,8801.91,65
2024-04-09,Medicaid,4457.19,38
2024-04-09,Medicare,7293.12,55
2024-04-10,Cash,1336.51,10
2024-04-10,Commercial,6660.7,51
2024-04-10,Medicaid,4793.94,43
2024-04-10,Medicare,6357.53,52
2024-04-11,Cash,2011.58,13
2024-04-11,Commercial,8234.29,61
2024-04-11,Medicaid,5880.19,45
2024-04-11,Medicare,7013.12,54
2024-04-12,Cash,2009.77,14
2024-04-12,Commercial,6240.96,44
2024-04-12,Medicaid,7182.85,53
2024-04-12,Medicare,7524.0,52
2024-04-13,Cash,3111.71,22
2024-04-13,Commercial,6391.44,57
2024-04-13,Medicaid,3812.05,31
2024-04-13,Medicare,7313.19,59
2024-04-14,Cash,1633.24,13
2024-04-14,Commercial,8147.11,67
2024-04-14,Medicaid,4354.76,40
2024-04-14,Medicare,7105.5,54
2024-04-15,Cash,2657.87,20
2024-04-15,Commercial,7477.71,58
2024-04-15,Medicaid,4948.85,42
2024-04-15,Medicare,6700.18,49
2024-04-16,Cash,970.41,8
2024-04-16,Commercial,6826.63,60
2024-04-16,Medicaid,5468.84,43
2024-04-16,Medicare,5323.92,43
2024-04-17,Cash,1703.32,14
2024-04-17,Commercial,6832.27,55
2024-04-17,Medicaid,4588.04,39
2024-04-17,Medicare,5609.13,47
2024-04-18,Cash,2433.88,19
2024-04-18,Commercial,7078.23,50
2024-04-18,Medicaid,6713.02,55
2024-04-18,Medicare,5397.86,42
2024-04-19,Cash,2404.51,17
2024-04-19,Commercial,8196.76,61
2024-04-19,Medicaid,6646.84,47
2024-04-19,Medicare,6712.88,49
2024-04-20,Cash,2687.19,21
2024-04-20,Commercial,6694.02,61
2024-04-20,Medicaid,5203.59,47
2024-04-20,Medicare,6214.39,48
2024-04-21,Cash,1428.92,11
2024-04-21,Commercial,7154.46,50
2024-04-21,Medicaid,6804.55,51
2024-04-21,Medicare,6692.83,53
2024-04-22,Cash,1347.8,12
2024-04-22,Commercial,8159.81,63
2024-04-22,Medicaid,5732.7,46
2024-04-22,Medicare,6225.76,53
2024-04-23,Cash,1974.44,17
2024-04-23,Commercial,8289.68,63
2024-04-23,Medicaid,4756.56,37
2024-04-23,Medicare,5107.98,48
2024-04-24,Cash,1268.7,14
2024-04-24,Commercial,7433.45,55
2024-04-24,Medicaid,6414.23,53
2024-04-24,Medicare,5891.81,46
2024-04-25,Cash,1935.73,15
2024-04-25,Commercial,7799.89,52
2024-04-25,Medicaid,6662.79,49
2024-04-25,Medicare,4402.96,38
2024-04-26,Cash,1890.56,13
2024-04-26,Commercial,7600.57,65
2024-04-26,Medicaid,4324.88,34
2024-04-26,Medicare,8006.29,63
2024-04-27,Cash,2170.88,15
2024-04-27,Commercial,8784.83,67
2024-04-27,Medicaid,6144.12,46
2024-04-27,Medicare,6713.44,54
2024-04-28,Cash,1416.79,13
2024-04-28,Commercial,7996.89,62
2024-04-28,Medicaid,4814.35,40
2024-04-28,Medicare,6172.62,53
2024-04-29,Cash,2308.86,23
2024-04-29,Commercial,5871.79,50
2024-04-29,Medicaid,4632.32,33
2024-04-29,Medicare,5554.97,42
2024-04-30,Cash,2389.46,18
2024-04-30,Commercial,6614.5,50
2024-04-30,Medicaid,5196.29,36
2024-04-30,Medicare,7002.97,53
2024-05-01,Cash,1734.2,12
2024-05-01,Commercial,7400.22,59
2024-05-01,Medicaid,6186.51,46
2024-05-01,Medicare,5949.52,45
2024-05-02,Cash,2505.25,17
2024-05-02,Commercial,7915.67,61
2024-05-02,Medicaid,5830.4,47
2024-05-02,Medicare,5944.56,51
2024-05-03,Cash,1755.25,13
2024-05-03,Commercial,7661.83,59
2024-05-03,Medicaid,5017.07,39
2024-05-03,Medicare,8121.28,68
2024-05-04,Cash,1330.85,11
2024-05-04,Commercial,6432.65,53
2024-05-04,Medicaid,5378.85,47
2024-05-04,Medicare,7487.53,56
2024-05-05,Cash,1498.6,11
2024-05-05,Commercial,9948.44,67
2024-05-05,Medicaid,5120.18,42
2024-05-05,Medicare,7286.9,60
2024-05-06,Cash,2005.68,16
2024-05-06,Commercial,7313.59,58
2024-05-06,Medicaid,5298.31,42
2024-05-06,Medicare,6684.86,49
2024-05-07,Cash,2975.2,20
2024-05-07,Commercial,5864.66,53
2024-05-07,Medicaid,5049.67,43
2024-05-07,Medicare,6853.2,49
2024-05-08,Cash,1312.4,11
2024-05-08,Commercial,8172.25,65
2024-05-08,Medicaid,6604.28,51
2024-05-08,Medicare,7146.27,55
2024-05-09,Cash,1556.52,12
2024-05-09,Commercial,5206.24,51
2024-05-09,Medicaid,5370.6,51
2024-05-09,Medicare,6552.65,56
2024-05-10,Cash,2220.98,14
2024-05-10,Commercial,6804.73,56
2024-05-10,Medicaid,4666.62,36
2024-05-10,Medicare,8364.4,62
2024-05-11,Cash,1544.29,13
2024-05-11,Commercial,6374.22,57
2024-05-11,Medicaid,4330.17,29
2024-05-11,Medicare,6584.4,50
2024-05-12,Cash,1890.81,13
2024-05-12,Commercial,6963.07,51
2024-05-12,Medicaid,6406.78,45
2024-05-12,Medicare,7292.13,56
2024-05-13,Cash,1919.35,16
2024-05-13,Commercial,9049.59,72
2024-05-13,Medicaid,4945.34,42
2024-05-13,Medicare,7398.95,57
2024-05-14,Cash,2818.37,22
2024-05-14,Commercial,6664.51,54
2024-05-14,Medicaid,5824.42,43
2024-05-14,Medicare,6459.01,49
2024-05-15,Cash,1974.72,15
2024-05-15,Commercial,5871.79,47
2024-05-15,Medicaid,5323.92,42
2024-05-15,Medicare,6126.76,50
2024-05-16,Cash,1532.35,11
2024-05-16,Commercial,7079.82,54
2024-05-16,Medicaid,6865.58,52
2024-05-16,Medicare,4668.43,43
2024-05-17,Cash,1675.77,12
2024-05-17,Commercial,6955.9,56
2024-05-17,Medicaid,5780.82,51
2024-05-17,Medicare,5502.26,46
2024-05-18,Cash,2675.69,21
2024-05-18,Commercial,5942.12,47
2024-05-18,Medicaid,6639.18,53
2024-05-18,Medicare,4880.82,40
2024-05-19,Cash,1968.48,16
2024-05-19,Commercial,7525.04,57
2024-05-19,Medicaid,4795.07,38
2024-05-19,Medicare,6263.45,49
2024-05-20,Cash,1493.98,14
2024-05-20,Commercial,11006.56,79
2024-05-20,Medicaid,6880.11,50
2024-05-20,Medicare,5864.17,44
2024-05-21,Cash,2762.76,20
2024-05-21,Commercial,6426.95,54
2024-05-21,Medicaid,6198.24,48
2024-05-21,Medicare,5373.01,39
2024-05-22,Cash,2479.97,16
2024-05-22,Commercial,6101.81,45
2024-05-22,Medicaid,6529.29,49
2024-05-22,Medicare,5250.91,40
2024-05-23,Cash,2522.02,19
2024-05-23,Commercial,7136.61,59
2024-05-23,Medicaid,4843.27,39
2024-05-23,Medicare,5571.84,49
2024-05-24,Cash,1572.51,11
2024-05-24,Commercial,7965.89,53
2024-05-24,Medicaid,3251.51,29
2024-05-24,Medicare,6294.76,50
2024-05-25,Cash,2169.19,14
2024-05-25,Commercial,6922.1,55
2024-05-25,Medicaid,5374.79,48
2024-05-25,Medicare,5369.12,41
2024-05-26,Cash,1951.49,15
2024-05-26,Commercial,7418.96,59
2024-05-26,Medicaid,4314.95,34
2024-05-26,Medicare,7021.2,56
2024-05-27,Cash,2140.57,15
2024-05-27,Commercial,10335.42,77
2024-05-27,Medicaid,5357.88,45
2024-05-27,Medicare,5866.65,47
2024-05-28,Cash,1767.37,15
2024-05-28,Commercial,7794.47,57
2024-05-28,Medicaid,4824.88,41
2024-05-28,Medicare,6054.81,49
2024-05-29,Cash,2470.53,19
2024-05-29,Commercial,7698.99,63
2024-05-29,Medicaid,5084.67,43
2024-05-29,Medicare,7415.21,63
2024-05-30,Cash,2163.54,20
2024-05-30,Commercial,7727.7,58
2024-05-30,Medicaid,6084.92,42
2024-05-30,Medicare,6895.25,52
2024-05-31,Cash,1992.98,16
2024-05-31,Commercial,6302.59,45
2024-05-31,Medicaid,5186.6,43
2024-05-31,Medicare,7035.94,55
2024-06-01,Cash,462.67,7
2024-06-01,Commercial,6846.78,60
2024-06-01,Medicaid,4411.6,34
2024-06-01,Medicare,5060.66,42
2024-06-02,Cash,2330.16,18
2024-06-02,Commercial,9987.12,73
2024-06-02,Medicaid,6351.81,46
2024-06-02,Medicare,6331.27,49
2024-06-03,Cash,1389.73,9
2024-06-03,Commercial,9078.81,70
2024-06-03,Medicaid,5518.61,42
2024-06-03,Medicare,4589.41,39
2024-06-04,Cash,2061.71,16
2024-06-04,Commercial,6284.14,48
2024-06-04,Medicaid,4917.33,49
2024-06-04,Medicare,7148.81,58
2024-06-05,Cash,2102.2,17
2024-06-05,Commercial,8427.06,60
2024-06-05,Medicaid,6179.94,46
2024-06-05,Medicare,5607.39,45
2024-06-06,Cash,1515.63,11
2024-06-06,Commercial,8775.54,66
2024-06-06,Medicaid,5956.0,49
2024-06-06,Medicare,5690.36,48
2024-06-07,Cash,3437.92,24
2024-06-07,Commercial,7644.43,61
2024-06-07,Medicaid,5797.08,43
2024-06-07,Medicare,6216.99,53
2024-06-08,Cash,1994.7,18
2024-06-08,Commercial,8334.08,68
2024-06-08,Medicaid,3273.83,30
2024-06-08,Medicare,5049.86,42
2024-06-09,Cash,1643.21,10
2024-06-09,Commercial,5966.24,42
2024-06-09,Medicaid,4569.57,34
2024-06-09,Medicare,6360.37,48
2024-06-10,Cash,2179.82,14
2024-06-10,Commercial,7519.88,65
2024-06-10,Medicaid,5163.06,42
2024-06-10,Medicare,6914.89,58
2024-06-11,Cash,1679.0,13
2024-06-11,Commercial,9044.06,68
2024-06-11,Medicaid,4367.38,40
2024-06-11,Medicare,6672.69,51
2024-06-12,Cash,1536.7,16
2024-06-12,Commercial,5348.39,49
2024-06-12,Medicaid,5306.85,46
2024-06-12,Medicare,7219.48,59
2024-06-13,Cash,2208.4,18
2024-06-13,Commercial,7133.84,55
2024-06-13,Medicaid,5759.69,41
2024-06-13,Medicare,6178.76,53
2024-06-14,Cash,2473.51,17
2024-06-14,Commercial,6943.5,52
2024-06-14,Medicaid,5808.52,42
2024-06-14,Medicare,7640.72,63
2024-06-15,Cash,2147.68,16
2024-06-15,Commercial,8539.49,66
2024-06-15,Medicaid,4868.55,40
2024-06-15,Medicare,7694.19,54
2024-06-16,Cash,2186.24,16
2024-06-16,Commercial,6345.04,56
2024-06-16,Medicaid,4988.6,36
2024-06-16,Medicare,4914.96,45
2024-06-17,Cash,919.59,8
2024-06-17,Commercial,8873.92,69
2024-06-17,Medicaid,7261.7,51
2024-06-17,Medicare,6425.38,54
2024-06-18,Cash,2103.58,19
2024-06-18,Commercial,6337.04,58
2024-06-18,Medicaid,3946.66,41
2024-06-18,Medicare,6829.32,51
2024-06-19,Cash,1561.73,16
2024-06-19,Commercial,6229.93,49
2024-06-19,Medicaid,5078.64,42
2024-06-19,Medicare,6192.6,54
2024-06-20,Cash,1749.98,14
2024-06-20,Commercial,7727.14,58
2024-06-20,Medicaid,5574.58,40
2024-06-20,Medicare,6335.59,51
2024-06-21,Cash,2832.1,23
2024-06-21,Commercial,9010.41,64
2024-06-21,Medicaid,4761.35,46
2024-06-21,Medicare,5893.65,47
2024-06-22,Cash,2183.95,17
2024-06-22,Commercial,8082.64,61
2024-06-22,Medicaid,7089.56,50
2024-06-22,Medicare,4377.7,36
2024-06-23,Cash,2929.41,25
2024-06-23,Commercial,8071.79,70
2024-06-23,Medicaid,5015.32,43
2024-06-23,Medicare,5862.0,41
2024-06-24,Cash,1568.89,12
2024-06-24,Commercial,10020.94,75
2024-06-24,Medicaid,6068.25,52
2024-06-24,Medicare,7288.26,47
2024-06-25,Cash,2023.08,12
2024-06-25,Commercial,5938.08,43
2024-06-25,Medicaid,6615.19,51
2024-06-25,Medicare,6701.48,52
2024-06-26,Cash,1326.66,9
2024-06-26,Commercial,7713.43,53
2024-06-26,Medicaid,6029.75,48
2024-06-26,Medicare,6621.42,48
2024-06-27,Cash,1485.81,12
2024-06-27,Commercial,6395.99,51
2024-06-27,Medicaid,4672.77,40
2024-06-27,Medicare,4902.73,46
2024-06-28,Cash,898.74,6
2024-06-28,Commercial,7559.48,67
2024-06-28,Medicaid,6542.13,47
2024-06-28,Medicare,4602.27,39
2024-06-29,Cash,1993.45,13
2024-06-29,Commercial,6759.17,47
2024-06-29,Medicaid,5715.48,43
2024-06-29,Medicare,7541.05,60
2024-06-30,Cash,2614.22,20
2024-06-30,Commercial,7392.49,55
2024-06-30,Medicaid,6147.38,56
2024-06-30,Medicare,5854.76,47
2024-07-01,Cash,1191.73,9
2024-07-01,Commercial,5910.05,52
2024-07-01,Medicaid,6574.72,47
2024-07-01,Medicare,7954.95,59
2024-07-02,Cash,1972.22,15
2024-07-02,Commercial,7660.18,63
2024-07-02,Medicaid,5307.61,42
2024-07-02,Medicare,5295.49,43
2024-07-03,Cash,1105.66,10
2024-07-03,Commercial,7265.25,59
2024-07-03,Medicaid,4863.23,41
2024-07-03,Medicare,7074.9,59
2024-07-04,Cash,1878.37,17
2024-07-04,Commercial,6434.49,50
2024-07-04,Medicaid,4938.65,47
2024-07-04,Medicare,8312.86,55
2024-07-05,Cash,1754.35,15
2024-07-05,Commercial,7227.72,61
2024-07-05,Medicaid,6542.93,52
2024-07-05,Medicare,5260.87,46
2024-07-06,Cash,2693.6,21
2024-07-06,Commercial,6959.3,54
2024-07-06,Medicaid,5504.24,44
2024-07-06,Medicare,4810.31,36
2024-07-07,Cash,1777.46,15
2024-07-07,Commercial,8368.83,70
2024-07-07,Medicaid,5084.06,40
2024-07-07,Medicare,6996.11,57
2024-07-08,Cash,412.85,6
2024-07-08,Commercial,6385.98,48
2024-07-08,Medicaid,6385.94,47
2024-07-08,Medicare,5780.83,42
2024-07-09,Cash,2464.13,21
2024-07-09,Commercial,6983.29,56
2024-07-09,Medicaid,4589.55,42
2024-07-09,Medicare,7141.96,58
2024-07-10,Cash,2076.28,12
2024-07-10,Commercial,6466.17,48
2024-07-10,Medicaid,5039.07,41
2024-07-10,Medicare,7552.95,54
2024-07-11,Cash,1996.7,15
2024-07-11,Commercial,6317.13,55
2024-07-11,Medicaid,6932.98,53
2024-07-11,Medicare,6880.57,50
2024-07-12,Cash,1969.26,15
2024-07-12,Commercial,7717.48,53
2024-07-12,Medicaid,4252.03,32
2024-07-12,Medicare,7682.64,60
2024-07-13,Cash,3090.77,21
2024-07-13,Commercial,7320.21,54
2024-07-13,Medicaid,5100.14,42
2024-07-13,Medicare,4823.89,37
2024-07-14,Cash,1789.97,12
2024-07-14,Commercial,6766.86,56
2024-07-14,Medicaid,6578.31,49
2024-07-14,Medicare,5908.11,43
2024-07-15,Cash,1268.64,12
2024-07-15,Commercial,7644.12,65
2024-07-15,Medicaid,5716.66,42
2024-07-15,Medicare,4977.6,45
2024-07-16,Cash,1641.8,14
2024-07-16,Commercial,9008.45,69
2024-07-16,Medicaid,4924.21,40
2024-07-16,Medicare,6383.5,47
2024-07-17,Cash,1873.63,14
2024-07-17,Commercial,6531.36,50
2024-07-17,Medicaid,6398.06,49
2024-07-17,Medicare,4691.62,38
2024-07-18,Cash,2258.79,19
2024-07-18,Commercial,8403.75,59
2024-07-18,Medicaid,4206.33,37
2024-07-18,Medicare,6217.67,50
2024-07-19,Cash,3420.04,26
2024-07-19,Commercial,7199.62,56
2024-07-19,Medicaid,5642.35,45
2024-07-19,Medicare,7007.23,47
2024-07-20,Cash,2418.05,19
2024-07-20,Commercial,4849.92,44
2024-07-20,Medicaid,3862.87,37
2024-07-20,Medicare,5134.12,39
2024-07-21,Cash,2633.36,19
2024-07-21,Commercial,4942.69,48
2024-07-21,Medicaid,4016.77,34
2024-07-21,Medicare,5409.21,40
2024-07-22,Cash,995.91,7
2024-07-22,Commercial,7232.48,57
2024-07-22,Medicaid,5645.33,48
2024-07-22,Medicare,7212.86,54
2024-07-23,Cash,2279.67,20
2024-07-23,Commercial,8514.82,65
2024-07-23,Medicaid,6367.56,52
2024-07-23,Medicare,5861.53,47
2024-07-24,Cash,877.69,9
2024-07-24,Commercial,9800.29,74
2024-07-24,Medicaid,6852.96,48
2024-07-24,Medicare,6668.93,50
2024-07-25,Cash,3157.16,20
2024-07-25,Commercial,7529.23,64
2024-07-25,Medicaid,6266.43,44
2024-07-25,Medicare,6684.63,52
2024-07-26,Cash,1021.72,8
2024-07-26,Commercial,6613.41,60
2024-07-26,Medicaid,5700.22,50
2024-07-26,Medicare,8391.38,60
2024-07-27,Cash,1905.25,17
2024-07-27,Commercial,5748.0,48
2024-07-27,Medicaid,6494.34,58
2024-07-27,Medicare,6796.57,53
2024-07-28,Cash,878.53,11
2024-07-28,Commercial,5736.68,44
2024-07-28,Medicaid,5031.89,41
2024-07-28,Medicare,6299.91,52
2024-07-29,Cash,1953.71,17
2024-07-29,Commercial,7390.28,59
2024-07-29,Medicaid,5508.92,50
2024-07-29,Medicare,8667.9,65
2024-07-30,Cash,1659.89,15
2024-07-30,Commercial,4760.92,39
2024-07-30,Medicaid,6309.99,48
2024-07-30,Medicare,4056.36,41
2024-07-31,Cash,1926.9,17
2024-07-31,Commercial,5608.23,50
2024-07-31,Medicaid,7589.08,60
2024-07-31,Medicare,6314.95,46
2024-08-01,Cash,2219.97,19
2024-08-01,Commercial,7021.65,58
2024-08-01,Medicaid,6093.42,48
2024-08-01,Medicare,6699.02,47
2024-08-02,Cash,2163.86,20
2024-08-02,Commercial,8719.0,62
2024-08-02,Medicaid,5401.4,37
2024-08-02,Medicare,7243.94,61
2024-08-03,Cash,2091.6,17
2024-08-03,Commercial,7089.1,58
2024-08-03,Medicaid,4969.79,41
2024-08-03,Medicare,6922.84,49
2024-08-04,Cash,2122.74,15
2024-08-04,Commercial,7078.61,55
2024-08-04,Medicaid,5154.67,42
2024-08-04,Medicare,6093.19,49
2024-08-05,Cash,1426.69,11
2024-08-05,Commercial,8879.71,66
2024-08-05,Medicaid,4143.31,34
2024-08-05,Medicare,6216.35,48
2024-08-06,Cash,2953.65,21
2024-08-06,Commercial,7202.43,55
2024-08-06,Medicaid,5126.35,42
2024-08-06,Medicare,7240.75,53
2024-08-07,Cash,1857.63,18
2024-08-07,Commercial,8265.39,66
2024-08-07,Medicaid,5386.58,43
2024-08-07,Medicare,6800.92,63
2024-08-08,Cash,1068.68,10
2024-08-08,Commercial,8148.87,62
2024-08-08,Medicaid,6323.69,49
2024-08-08,Medicare,7113.15,58
2024-08-09,Cash,1664.4,14
2024-08-09,Commercial,8106.74,56
2024-08-09,Medicaid,6613.75,48
2024-08-09,Medicare,6633.52,57
2024-08-10,Cash,1692.95,10
2024-08-10,Commercial,7089.3,52
2024-08-10,Medicaid,3795.1,33
2024-08-10,Medicare,9549.7,71
2024-08-11,Cash,1403.34,12
2024-08-11,Commercial,6281.78,52
2024-08-11,Medicaid,5173.83,41
2024-08-11,Medicare,7002.06,57
2024-08-12,Cash,1622.27,15
2024-08-12,Commercial,6796.89,58
2024-08-12,Medicaid,6518.26,47
2024-08-12,Medicare,5083.69,39
2024-08-13,Cash,2300.59,19
2024-08-13,Commercial,8258.5,58
2024-08-13,Medicaid,6026.09,46
2024-08-13,Medicare,7634.05,59
2024-08-14,Cash,1416.98,14
2024-08-14,Commercial,7375.97,56
2024-08-14,Medicaid,6727.63,53
2024-08-14,Medicare,5577.5,46
2024-08-15,Cash,1048.62,10
2024-08-15,Commercial,6324.21,53
2024-08-15,Medicaid,3787.5,34
2024-08-15,Medicare,7765.53,64
2024-08-16,Cash,3016.54,23
2024-08-16,Commercial,6672.94,59
2024-08-16,Medicaid,4329.36,36
2024-08-16,Medicare,7129.15,55
2024-08-17,Cash,1675.11,10
2024-08-17,Commercial,6073.32,50
2024-08-17,Medicaid,4566.0,33
2024-08-17,Medicare,4704.14,44
2024-08-18,Cash,2125.66,16
2024-08-18,Commercial,7736.05,62
2024-08-18,Medicaid,5891.11,40
2024-08-18,Medicare,5287.11,49
2024-08-19,Cash,2019.07,18
2024-08-19,Commercial,7213.56,61
2024-08-19,Medicaid,5547.46,48
2024-08-19,Medicare,7224.64,63
2024-08-20,Cash,1688.08,15
2024-08-20,Commercial,5647.39,50
2024-08-20,Medicaid,4603.93,37
2024-08-20,Medicare,5656.22,47
2024-08-21,Cash,1340.7,13
2024-08-21,Commercial,7725.49,53
2024-08-21,Medicaid,4595.46,35
2024-08-21,Medicare,5909.82,46
2024-08-22,Cash,1545.87,13
2024-08-22,Commercial,8630.84,57
2024-08-22,Medicaid,5310.8,42
2024-08-22,Medicare,4899.31,40
2024-08-23,Cash,2065.55,16
2024-08-23,Commercial,7373.07,53
2024-08-23,Medicaid,4787.53,40
2024-08-23,Medicare,4882.6,44
2024-08-24,Cash,1403.66,13
2024-08-24,Commercial,7845.34,62
2024-08-24,Medicaid,5037.33,40
2024-08-24,Medicare,5724.8,50
2024-08-25,Cash,2321.27,21
2024-08-25,Commercial,5922.11,51
2024-08-25,Medicaid,3991.94,31
2024-08-25,Medicare,5115.07,40
2024-08-26,Cash,1382.0,13
2024-08-26,Commercial,5485.3,45
2024-08-26,Medicaid,5847.91,44
2024-08-26,Medicare,5444.52,49
2024-08-27,Cash,2161.05,19
2024-08-27,Commercial,6694.82,53
2024-08-27,Medicaid,6447.76,49
2024-08-27,Medicare,7777.17,53
2024-08-28,Cash,1910.71,17
2024-08-28,Commercial,10037.53,74
2024-08-28,Medicaid,4192.18,34
2024-08-28,Medicare,5723.56,44
2024-08-29,Cash,1751.63,14
2024-08-29,Commercial,6796.41,53
2024-08-29,Medicaid,4989.55,34
2024-08-29,Medicare,5981.45,48
2024-08-30,Cash,2177.77,16
2024-08-30,Commercial,6283.52,51
2024-08-30,Medicaid,5803.28,43
2024-08-30,Medicare,6397.4,53
2024-08-31,Cash,2458.78,22
2024-08-31,Commercial,6902.7,53
2024-08-31,Medicaid,5024.78,43
2024-08-31,Medicare,5335.88,40
2024-09-01,Cash,2180.92,16
2024-09-01,Commercial,6735.41,56
2024-09-01,Medicaid,5194.13,40
2024-09-01,Medicare,6283.66,52
2024-09-02,Cash,2067.18,15
2024-09-02,Commercial,7630.38,60
2024-09-02,Medicaid,5774.51,43
2024-09-02,Medicare,6457.76,49
2024-09-03,Cash,2440.01,16
2024-09-03,Commercial,7527.65,59
2024-09-03,Medicaid,5742.69,44
2024-09-03,Medicare,7271.21,49
2024-09-04,Cash,2286.73,22
2024-09-04,Commercial,7323.95,61
2024-09-04,Medicaid,6580.61,54
2024-09-04,Medicare,5684.51,46
2024-09-05,Cash,2391.27,21
2024-09-05,Commercial,6114.39,52
2024-09-05,Medicaid,5440.13,42
2024-09-05,Medicare,4902.0,40
2024-09-06,Cash,1925.21,14
2024-09-06,Commercial,4510.49,44
2024-09-06,Medicaid,7295.59,56
2024-09-06,Medicare,6061.29,47
2024-09-07,Cash,2656.02,22
2024-09-07,Commercial,7194.99,49
2024-09-07,Medicaid,4443.27,34
2024-09-07,Medicare,5979.6,47
2024-09-08,Cash,2376.22,19
2024-09-08,Commercial,8548.42,72
2024-09-08,Medicaid,4388.12,32
2024-09-08,Medicare,6871.82,51
2024-09-09,Cash,2990.61,22
2024-09-09,Commercial,6522.45,59
2024-09-09,Medicaid,4367.92,35
2024-09-09,Medicare,5687.1,49
2024-09-10,Cash,1121.3,10
2024-09-10,Commercial,6670.34,55
2024-09-10,Medicaid,7217.15,51
2024-09-10,Medicare,5224.83,47
2024-09-11,Cash,2546.32,20
2024-09-11,Commercial,6149.96,56
2024-09-11,Medicaid,5891.6,47
2024-09-11,Medicare,6026.29,51
2024-09-12,Cash,2115.62,17
2024-09-12,Commercial,7169.75,47
2024-09-12,Medicaid,6688.58,48
2024-09-12,Medicare,6457.69,50
2024-09-13,Cash,2328.05,16
2024-09-13,Commercial,7582.99,68
2024-09-13,Medicaid,4815.5,40
2024-09-13,Medicare,6645.73,56
2024-09-14,Cash,2127.34,18
2024-09-14,Commercial,5840.07,55
2024-09-14,Medicaid,6096.25,47
2024-09-14,Medicare,5683.77,45
2024-09-15,Cash,1371.7,12
2024-09-15,Commercial,5144.77,46
2024-09-15,Medicaid,6749.82,46
2024-09-15,Medicare,5025.64,40
2024-09-16,Cash,1739.59,17
2024-09-16,Commercial,5518.07,43
2024-09-16,Medicaid,5708.23,47
2024-09-16,Medicare,6549.14,55
2024-09-17,Cash,2316.01,16
2024-09-17,Commercial,7745.99,54
2024-09-17,Medicaid,4426.8,41
2024-09-17,Medicare,4103.59,34
2024-09-18,Cash,2297.8,17
2024-09-18,Commercial,6817.74,57
2024-09-18,Medicaid,4214.98,35
2024-09-18,Medicare,6178.04,52
2024-09-19,Cash,1918.76,14
2024-09-19,Commercial,7941.15,63
2024-09-19,Medicaid,4217.67,35
2024-09-19,Medicare,5578.57,43
2024-09-20,Cash,2630.28,15
2024-09-20,Commercial,7746.77,56
2024-09-20,Medicaid,6154.97,48
2024-09-20,Medicare,8922.33,70
2024-09-21,Cash,1041.37,9
2024-09-21,Commercial,7308.63,60
2024-09-21,Medicaid,7423.84,53
2024-09-21,Medicare,5582.13,49
2024-09-22,Cash,767.89,10
2024-09-22,Commercial,7066.51,60
2024-09-22,Medicaid,5191.75,35
2024-09-22,Medicare,5499.99,47
2024-09-23,Cash,2083.77,14
2024-09-23,Commercial,8515.98,58
2024-09-23,Medicaid,6483.43,54
2024-09-23,Medicare,5738.3,45
2024-09-24,Cash,1490.06,11
2024-09-24,Commercial,6321.1,46
2024-09-24,Medicaid,4369.04,33
2024-09-24,Medicare,7051.06,61
2024-09-25,Cash,2343.95,18
2024-09-25,Commercial,6235.34,49
2024-09-25,Medicaid,3489.84,35
2024-09-25,Medicare,7490.0,61
2024-09-26,Cash,1053.44,9
2024-09-26,Commercial,7204.89,58
2024-09-26,Medicaid,6057.29,49
2024-09-26,Medicare,6790.78,49
2024-09-27,Cash,1451.35,13
2024-09-27,Commercial,5923.3,54
2024-09-27,Medicaid,5329.44,41
2024-09-27,Medicare,7224.12,55
2024-09-28,Cash,2829.3,22
2024-09-28,Commercial,8088.14,68
2024-09-28,Medicaid,5078.36,45
2024-09-28,Medicare,5714.34,42
2024-09-29,Cash,1774.0,12
2024-09-29,Commercial,6463.41,51
2024-09-29,Medicaid,5039.71,45
2024-09-29,Medicare,5620.87,40
2024-09-30,Cash,1835.27,12
2024-09-30,Commercial,5902.98,53
2024-09-30,Medicaid,4520.44,40
2024-09-30,Medicare,5753.97,48
2024-10-01,Cash,3058.63,26
2024-10-01,Commercial,5803.39,48
2024-10-01,Medicaid,5526.03,40
2024-10-01,Medicare,6969.77,47
2024-10-02,Cash,1975.47,15
2024-10-02,Commercial,7672.18,61
2024-10-02,Medicaid,4836.06,36
2024-10-02,Medicare,6616.82,50
2024-10-03,Cash,2099.56,16
2024-10-03,Commercial,6850.13,57
2024-10-03,Medicaid,5136.53,39
2024-10-03,Medicare,5158.28,46
2024-10-04,Cash,1254.85,11
2024-10-04,Commercial,7795.39,62
2024-10-04,Medicaid,5252.26,45
2024-10-04,Medicare,9199.05,73
2024-10-05,Cash,2647.75,19
2024-10-05,Commercial,8269.72,76
2024-10-05,Medicaid,5114.44,48
2024-10-05,Medicare,7069.68,56
2024-10-06,Cash,1613.31,11
2024-10-06,Commercial,7226.6,55
2024-10-06,Medicaid,6987.29,54
2024-10-06,Medicare,7075.38,54
2024-10-07,Cash,2022.12,17
2024-10-07,Commercial,6021.08,52
2024-10-07,Medicaid,4725.91,41
2024-10-07,Medicare,5844.17,48
2024-10-08,Cash,1703.53,13
2024-10-08,Commercial,8034.78,63
2024-10-08,Medicaid,3850.88,31
2024-10-08,Medicare,5069.32,45
2024-10-09,Cash,2880.62,24
2024-10-09,Commercial,8035.21,62
2024-10-09,Medicaid,4324.37,38
2024-10-09,Medicare,4813.98,37
2024-10-10,Cash,2084.88,17
2024-10-10,Commercial,8769.34,66
2024-10-10,Medicaid,4909.55,37
2024-10-10,Medicare,4822.68,37
2024-10-11,Cash,1142.17,9
2024-10-11,Commercial,7426.59,52
2024-10-11,Medicaid,6752.78,51
2024-10-11,Medicare,7236.8,55
2024-10-12,Cash,1717.32,13
2024-10-12,Commercial,7217.06,58
2024-10-12,Medicaid,5636.54,43
2024-10-12,Medicare,5163.27,38
2024-10-13,Cash,2334.57,14
2024-10-13,Commercial,7629.21,60
2024-10-13,Medicaid,4609.96,38
2024-10-13,Medicare,5578.03,48
2024-10-14,Cash,1215.71,13
2024-10-14,Commercial,6952.43,59
2024-10-14,Medicaid,4920.86,42
2024-10-14,Medicare,7784.07,62
2024-10-15,Cash,1289.12,9
2024-10-15,Commercial,7406.25,57
2024-10-15,Medicaid,4758.49,39
2024-10-15,Medicare,7045.63,48
2024-10-16,Cash,1612.21,14
2024-10-16,Commercial,7418.27,58
2024-10-16,Medicaid,6517.72,54
2024-10-16,Medicare,6559.02,46
2024-10-17,Cash,2078.17,14
2024-10-17,Commercial,7661.83,65
2024-10-17,Medicaid,6116.25,49
2024-10-17,Medicare,6525.7,54
2024-10-18,Cash,1402.91,10
2024-10-18,Commercial,6137.09,46
2024-10-18,Medicaid,3807.43,31
2024-10-18,Medicare,6297.26,55
2024-10-19,Cash,1103.95,9
2024-10-19,Commercial,7699.08,57
2024-10-19,Medicaid,5127.98,39
2024-10-19,Medicare,4399.72,38
2024-10-20,Cash,2204.04,14
2024-10-20,Commercial,7363.79,60
2024-10-20,Medicaid,6745.98,45
2024-10-20,Medicare,7457.3,55
2024-10-21,Cash,2063.13,12
2024-10-21,Commercial,8475.57,68
2024-10-21,Medicaid,4758.95,37
2024-10-21,Medicare,5698.54,53
2024-10-22,Cash,948.46,6
2024-10-22,Commercial,7804.58,66
2024-10-22,Medicaid,5638.98,42
2024-10-22,Medicare,6861.1,55
2024-10-23,Cash,1508.68,10
2024-10-23,Commercial,7698.13,56
2024-10-23,Medicaid,5623.21,43
2024-10-23,Medicare,5463.55,45
2024-10-24,Cash,2465.53,19
2024-10-24,Commercial,8009.94,62
2024-10-24,Medicaid,5074.06,40
2024-10-24,Medicare,5343.49,45
2024-10-25,Cash,2252.28,19
2024-10-25,Commercial,6683.91,55
2024-10-25,Medicaid,5321.5,41
2024-10-25,Medicare,6684.58,48
2024-10-26,Cash,2242.35,19
2024-10-26,Commercial,5698.64,55
2024-10-26,Medicaid,5098.01,40
2024-10-26,Medicare,5876.62,47
2024-10-27,Cash,968.59,7
2024-10-27,Commercial,6467.73,52
2024-10-27,Medicaid,5728.44,41
2024-10-27,Medicare,6831.22,55
2024-10-28,Cash,582.83,5
2024-10-28,Commercial,7743.77,59
2024-10-28,Medicaid,5819.05,43
2024-10-28,Medicare,5622.55,40
2024-10-29,Cash,1465.0,8
2024-10-29,Commercial,7002.12,61
2024-10-29,Medicaid,4383.17,32
2024-10-29,Medicare,5420.23,48
2024-10-30,Cash,2670.35,22
2024-10-30,Commercial,6591.51,57
2024-10-30,Medicaid,4541.85,33
2024-10-30,Medicare,6659.86,50
2024-10-31,Cash,1924.82,14
2024-10-31,Commercial,6151.94,48
2024-10-31,Medicaid,4840.72,34
2024-10-31,Medicare,5050.36,38
2024-11-01,Cash,1707.91,12
2024-11-01,Commercial,6426.63,49
2024-11-01,Medicaid,5030.62,45
2024-11-01,Medicare,4643.94,36
2024-11-02,Cash,1523.2,17
2024-11-02,Commercial,9090.54,71
2024-11-02,Medicaid,6235.28,49
2024-11-02,Medicare,8114.29,64
2024-11-03,Cash,2198.1,14
2024-11-03,Commercial,6158.31,54
2024-11-03,Medicaid,4423.91,37
2024-11-03,Medicare,6245.28,50
2024-11-04,Cash,2386.89,18
2024-11-04,Commercial,7307.07,45
2024-11-04,Medicaid,7075.64,53
2024-11-04,Medicare,7130.1,58
2024-11-05,Cash,1708.87,14
2024-11-05,Commercial,5548.37,42
2024-11-05,Medicaid,5970.19,45
2024-11-05,Medicare,5940.3,47
2024-11-06,Cash,1757.56,12
2024-11-06,Commercial,8092.74,58
2024-11-06,Medicaid,4898.23,38
2024-11-06,Medicare,8057.83,61
2024-11-07,Cash,2282.24,16
2024-11-07,Commercial,7672.54,55
2024-11-07,Medicaid,5856.21,49
2024-11-07,Medicare,6990.48,54
2024-11-08,Cash,2200.89,15
2024-11-08,Commercial,7731.52,59
2024-11-08,Medicaid,5441.81,40
2024-11-08,Medicare,7126.71,57
2024-11-09,Cash,1601.27,15
2024-11-09,Commercial,7041.24,61
2024-11-09,Medicaid,7173.99,52
2024-11-09,Medicare,5281.78,40
2024-11-10,Cash,1352.25,12
2024-11-10,Commercial,8721.2,69
2024-11-10,Medicaid,6046.73,47
2024-11-10,Medicare,8084.79,63
2024-11-11,Cash,1159.39,8
2024-11-11,Commercial,6612.76,57
2024-11-11,Medicaid,5405.0,48
2024-11-11,Medicare,6253.32,46
2024-11-12,Cash,2291.69,15
2024-11-12,Commercial,8506.76,64
2024-11-12,Medicaid,4303.47,38
2024-11-12,Medicare,5984.24,46
2024-11-13,Cash,1655.59,12
2024-11-13,Commercial,5518.27,43
2024-11-13,Medicaid,5158.03,46
2024-11-13,Medicare,6661.44,48
2024-11-14,Cash,2206.79,18
2024-11-14,Commercial,9063.17,66
2024-11-14,Medicaid,7701.1,59
2024-11-14,Medicare,5931.88,44
2024-11-15,Cash,1561.69,11
2024-11-15,Commercial,7251.28,60
2024-11-15,Medicaid,5211.02,43
2024-11-15,Medicare,8433.81,61
2024-11-16,Cash,823.45,6
2024-11-16,Commercial,7122.67,58
2024-11-16,Medicaid,6645.48,50
2024-11-16,Medicare,4677.75,35
2024-11-17,Cash,1364.21,13
2024-11-17,Commercial,5709.07,47
2024-11-17,Medicaid,4347.58,35
2024-11-17,Medicare,6406.86,49
2024-11-18,Cash,2199.31,14
2024-11-18,Commercial,8494.7,69
2024-11-18,Medicaid,2735.62,29
2024-11-18,Medicare,6559.43,53
2024-11-19,Cash,2316.55,17
2024-11-19,Commercial,7685.32,61
2024-11-19,Medicaid,4563.17,39
2024-11-19,Medicare,5735.72,39
2024-11-20,Cash,2425.44,19
2024-11-20,Commercial,6792.4,54
2024-11-20,Medicaid,5412.99,47
2024-11-20,Medicare,5399.67,43
2024-11-21,Cash,980.22,10
2024-11-21,Commercial,8596.74,66
2024-11-21,Medicaid,6035.51,51
2024-11-21,Medicare,5358.6,49
2024-11-22,Cash,592.44,8
2024-11-22,Commercial,6168.92,46
2024-11-22,Medicaid,7099.65,59
2024-11-22,Medicare,6035.12,49
2024-11-23,Cash,1701.98,16
2024-11-23,Commercial,8302.26,58
2024-11-23,Medicaid,6191.58,53
2024-11-23,Medicare,3935.44,37
2024-11-24,Cash,1980.5,15
2024-11-24,Commercial,7021.47,56
2024-11-24,Medicaid,5710.81,43
2024-11-24,Medicare,5523.65,48
2024-11-25,Cash,1812.21,13
2024-11-25,Commercial,6397.54,53
2024-11-25,Medicaid,4622.46,34
2024-11-25,Medicare,6742.4,55
2024-11-26,Cash,1769.93,18
2024-11-26,Commercial,6441.32,48
2024-11-26,Medicaid,4421.94,37
2024-11-26,Medicare,6008.71,41
2024-11-27,Cash,1322.57,14
2024-11-27,Commercial,7942.85,60
2024-11-27,Medicaid,5605.39,48
2024-11-27,Medicare,4350.55,40
2024-11-28,Cash,1370.04,10
2024-11-28,Commercial,7666.56,71
2024-11-28,Medicaid,4876.96,37
2024-11-28,Medicare,6780.43,57
2024-11-29,Cash,922.52,8
2024-11-29,Commercial,6898.55,51
2024-11-29,Medicaid,4349.45,35
2024-11-29,Medicare,5393.37,48
2024-11-30,Cash,1238.8,13
2024-11-30,Commercial,6228.77,48
2024-11-30,Medicaid,5791.91,44
2024-11-30,Medicare,7501.28,57
2024-12-01,Cash,1983.3,14
2024-12-01,Commercial,6728.36,53
2024-12-01,Medicaid,4626.7,38
2024-12-01,Medicare,5930.61,47
2024-12-02,Cash,2023.84,15
2024-12-02,Commercial,7614.31,59
2024-12-02,Medicaid,5750.67,47
2024-12-02,Medicare,7578.96,61
2024-12-03,Cash,2109.66,18
2024-12-03,Commercial,7558.24,60
2024-12-03,Medicaid,5782.9,46
2024-12-03,Medicare,7354.72,59
2024-12-04,Cash,1538.47,12
2024-12-04,Commercial,9216.04,73
2024-12-04,Medicaid,5580.37,45
2024-12-04,Medicare,6066.95,47
2024-12-05,Cash,1499.61,12
2024-12-05,Commercial,6927.53,49
2024-12-05,Medicaid,5910.45,46
2024-12-05,Medicare,9385.86,74
2024-12-06,Cash,1116.6,11
2024-12-06,Commercial,8100.71,61
2024-12-06,Medicaid,6393.32,47
2024-12-06,Medicare,4998.0,40
2024-12-07,Cash,2287.98,17
2024-12-07,Commercial,5162.21,44
2024-12-07,Medicaid,6521.73,50
2024-12-07,Medicare,5073.71,44
2024-12-08,Cash,1337.29,10
2024-12-08,Commercial,7432.45,61
2024-12-08,Medicaid,6272.71,52
2024-12-08,Medicare,6979.04,53
2024-12-09,Cash,1683.35,13
2024-12-09,Commercial,7412.2,59
2024-12-09,Medicaid,5419.07,40
2024-12-09,Medicare,6671.33,50
2024-12-10,Cash,1828.03,19
2024-12-10,Commercial,8034.7,66
2024-12-10,Medicaid,3947.32,34
2024-12-10,Medicare,5397.84,48
2024-12-11,Cash,983.46,11
2024-12-11,Commercial,6018.95,54
2024-12-11,Medicaid,5880.33,53
2024-12-11,Medicare,4738.29,47
2024-12-12,Cash,2487.56,18
2024-12-12,Commercial,7103.29,55
2024-12-12,Medicaid,4279.75,33
2024-12-12,Medicare,4538.18,42
2024-12-13,Cash,1863.84,17
2024-12-13,Commercial,6999.08,53
2024-12-13,Medicaid,5758.1,45
2024-12-13,Medicare,7399.41,59
2024-12-14,Cash,1350.92,12
2024-12-14,Commercial,7054.65,57
2024-12-14,Medicaid,5041.7,43
2024-12-14,Medicare,5924.56,45
2024-12-15,Cash,946.21,7
2024-12-15,Commercial,6745.52,50
2024-12-15,Medicaid,5243.14,43
2024-12-15,Medicare,5305.3,43
2024-12-16,Cash,2248.01,18
2024-12-16,Commercial,6588.98,55
2024-12-16,Medicaid,5932.17,51
2024-12-16,Medicare,6948.94,57
2024-12-17,Cash,1460.35,11
2024-12-17,Commercial,7316.05,57
2024-12-17,Medicaid,4129.35,38
2024-12-17,Medicare,5076.38,41
2024-12-18,Cash,1755.83,12
2024-12-18,Commercial,8687.35,67
2024-12-18,Medicaid,6140.25,46
2024-12-18,Medicare,3969.88,33
2024-12-19,Cash,1801.49,15
2024-12-19,Commercial,8040.75,60
2024-12-19,Medicaid,3814.07,33
2024-12-19,Medicare,7185.1,51
2024-12-20,Cash,1947.47,15
2024-12-20,Commercial,6951.39,56
2024-12-20,Medicaid,5638.06,40
2024-12-20,Medicare,7348.13,63
2024-12-21,Cash,1242.28,12
2024-12-21,Commercial,5725.04,54
2024-12-21,Medicaid,6101.54,43
2024-12-21,Medicare,5697.51,43
2024-12-22,Cash,1603.48,13
2024-12-22,Commercial,9673.07,74
2024-12-22,Medicaid,5314.05,42
2024-12-22,Medicare,8374.79,67
2024-12-23,Cash,2341.08,19
2024-12-23,Commercial,7334.64,55
2024-12-23,Medicaid,4750.0,34
2024-12-23,Medicare,7569.91,57
2024-12-24,Cash,2128.37,13
2024-12-24,Commercial,8016.93,66
2024-12-24,Medicaid,4468.3,30
2024-12-24,Medicare,7032.26,53
2024-12-25,Cash,1668.84,13
2024-12-25,Commercial,9531.79,70
2024-12-25,Medicaid,5074.72,42
2024-12-25,Medicare,7786.92,59
2024-12-26,Cash,2062.32,15
2024-12-26,Commercial,5736.48,43
2024-12-26,Medicaid,7141.23,50
2024-12-26,Medicare,7889.91,64
2024-12-27,Cash,1862.04,16
2024-12-27,Commercial,6823.79,56
2024-12-27,Medicaid,4567.17,37
2024-12-27,Medicare,5064.73,42
2024-12-28,Cash,2541.54,20
2024-12-28,Commercial,6623.97,56
2024-12-28,Medicaid,4661.55,38
2024-12-28,Medicare,6467.2,53
2024-12-29,Cash,2030.11,17
2024-12-29,Commercial,6361.81,54
2024-12-29,Medicaid,5909.51,51
2024-12-29,Medicare,6215.39,49
2024-12-30,Cash,1760.86,11
2024-12-30,Commercial,8227.07,66
2024-12-30,Medicaid,6428.25,54
2024-12-30,Medicare,5221.59,45
2024-12-31,Cash,2634.25,18
2024-12-31,Commercial,7280.23,56
2024-12-31,Medicaid,4404.11,36
2024-12-31,Medicare,6461.98,53
